/*
 Navicat Premium Dump SQL

 Source Server         : 124.70.80.198_3306
 Source Server Type    : MySQL
 Source Server Version : 50744 (5.7.44)
 Source Host           : 124.70.80.198:3306
 Source Schema         : offshore_wind_security

 Target Server Type    : MySQL
 Target Server Version : 50744 (5.7.44)
 File Encoding         : 65001

 Date: 27/11/2025 11:08:24
*/

SET NAMES utf8mb4;
SET FOREIGN_KEY_CHECKS = 0;

-- ----------------------------
-- Table structure for alert_level
-- ----------------------------
DROP TABLE IF EXISTS `alert_level`;
CREATE TABLE `alert_level` (
  `id` bigint(20) NOT NULL AUTO_INCREMENT COMMENT '主键ID',
  `name` varchar(100) NOT NULL COMMENT '告警级别名称（如：严重告警、提醒）',
  `code` varchar(255) NOT NULL,
  `severity` int(11) NOT NULL COMMENT '告警严重程度值（1最严重，数字越大越轻）',
  `ext_info` json DEFAULT NULL COMMENT '告警级别展示属性（包含：显示颜色、图标等前端所需）',
  `remark` varchar(500) DEFAULT NULL COMMENT '备注说明',
  `created_user_id` varchar(50) DEFAULT NULL COMMENT '创建人ID标识',
  `created_user_name` varchar(100) DEFAULT NULL COMMENT '创建人名称',
  `update_user_id` varchar(50) DEFAULT NULL COMMENT '修改人ID标识',
  `update_user_name` varchar(100) DEFAULT NULL COMMENT '修改人名称',
  `created_at` datetime DEFAULT CURRENT_TIMESTAMP COMMENT '创建时间',
  `updated_at` datetime DEFAULT CURRENT_TIMESTAMP ON UPDATE CURRENT_TIMESTAMP COMMENT '更新时间',
  `status` varchar(20) DEFAULT 'active' COMMENT '状态（active-正常，delete-已删除）',
  PRIMARY KEY (`id`),
  UNIQUE KEY `uk_code` (`code`),
  KEY `idx_severity` (`severity`),
  KEY `idx_status` (`status`)
) ENGINE=InnoDB AUTO_INCREMENT=6086845064482817 DEFAULT CHARSET=utf8mb4 COMMENT='告警级别表';

-- ----------------------------
-- Records of alert_level
-- ----------------------------
BEGIN;
INSERT INTO `alert_level` (`id`, `name`, `code`, `severity`, `ext_info`, `remark`, `created_user_id`, `created_user_name`, `update_user_id`, `update_user_name`, `created_at`, `updated_at`, `status`) VALUES (1, '严重告警', 'CRITICAL', 1, '{\"icon\": \"CircleQuestionMark\", \"color\": \"#dc6e25\"}', '最高级别告警，需要立即处理', 'SYSTEM_ADMIN', '超级管理员', 'SYSTEM_ADMIN', '超级管理员', '2025-11-06 12:42:12', '2025-11-21 20:07:22', 'delete');
INSERT INTO `alert_level` (`id`, `name`, `code`, `severity`, `ext_info`, `remark`, `created_user_id`, `created_user_name`, `update_user_id`, `update_user_name`, `created_at`, `updated_at`, `status`) VALUES (2, '重要告警', 'MAJOR', 2, '{\"icon\": \"ShieldAlert\", \"color\": \"#FF0000\"}', '重要告警，需要尽快处理', 'SYSTEM_ADMIN', '超级管理员', 'SYSTEM_ADMIN', '超级管理员', '2025-11-06 12:42:12', '2025-11-21 20:27:50', 'delete');
INSERT INTO `alert_level` (`id`, `name`, `code`, `severity`, `ext_info`, `remark`, `created_user_id`, `created_user_name`, `update_user_id`, `update_user_name`, `created_at`, `updated_at`, `status`) VALUES (3, '一般告警', 'WARNING', 3, '{\"icon\": \"BatteryWarning\", \"color\": \"#FF0000\"}', '一般告警，需要关注', 'SYSTEM_ADMIN', '超级管理员', 'SYSTEM_ADMIN', '超级管理员', '2025-11-06 12:42:12', '2025-11-21 20:28:13', 'active');
INSERT INTO `alert_level` (`id`, `name`, `code`, `severity`, `ext_info`, `remark`, `created_user_id`, `created_user_name`, `update_user_id`, `update_user_name`, `created_at`, `updated_at`, `status`) VALUES (4, '提醒', 'INFO', 4, '{\"icon\": \"CircleQuestionMark\", \"color\": \"#FF0000\"}', '信息提醒', 'SYSTEM_ADMIN', '超级管理员', 'SYSTEM_ADMIN', '超级管理员', '2025-11-06 12:42:12', '2025-11-06 21:06:56', 'delete');
INSERT INTO `alert_level` (`id`, `name`, `code`, `severity`, `ext_info`, `remark`, `created_user_id`, `created_user_name`, `update_user_id`, `update_user_name`, `created_at`, `updated_at`, `status`) VALUES (5, '紧急告警', 'URGENT', 1, '{\"icon\": \"CircleQuestionMark\", \"color\": \"#FF0000\"}', '紧急情况，需要立即响应', 'SYSTEM_ADMIN', '超级管理员', 'SYSTEM_ADMIN', '超级管理员', '2025-11-06 12:42:12', '2025-11-06 21:06:56', 'delete');
INSERT INTO `alert_level` (`id`, `name`, `code`, `severity`, `ext_info`, `remark`, `created_user_id`, `created_user_name`, `update_user_id`, `update_user_name`, `created_at`, `updated_at`, `status`) VALUES (6, '次要告警', 'MINOR', 4, '{\"icon\": \"CircleQuestionMark\", \"color\": \"#FF0000\"}', '次要告警，可延后处理', 'SYSTEM_ADMIN', '超级管理员', 'SYSTEM_ADMIN', '超级管理员', '2025-11-06 12:42:12', '2025-11-06 21:06:56', 'delete');
INSERT INTO `alert_level` (`id`, `name`, `code`, `severity`, `ext_info`, `remark`, `created_user_id`, `created_user_name`, `update_user_id`, `update_user_name`, `created_at`, `updated_at`, `status`) VALUES (7, '通知', 'NOTICE', 5, '{\"icon\": \"CircleQuestionMark\", \"color\": \"#FF0000\"}', '一般通知信息', 'SYSTEM_ADMIN', '超级管理员', 'SYSTEM_ADMIN', '超级管理员', '2025-11-06 12:42:12', '2025-11-06 21:06:56', 'delete');
INSERT INTO `alert_level` (`id`, `name`, `code`, `severity`, `ext_info`, `remark`, `created_user_id`, `created_user_name`, `update_user_id`, `update_user_name`, `created_at`, `updated_at`, `status`) VALUES (8, '调试信息', 'DEBUG', 6, '{\"icon\": \"CircleQuestionMark\", \"color\": \"#FF0000\"}', '调试级别信息', 'SYSTEM_ADMIN', '超级管理员', 'SYSTEM_ADMIN', '超级管理员', '2025-11-06 12:42:12', '2025-11-06 21:06:56', 'delete');
INSERT INTO `alert_level` (`id`, `name`, `code`, `severity`, `ext_info`, `remark`, `created_user_id`, `created_user_name`, `update_user_id`, `update_user_name`, `created_at`, `updated_at`, `status`) VALUES (6049996273815552, 'data111', '8B8AB0391DE6445988E46866BA2977EC', 2, '{\"icon\": \"BatteryWarning\", \"color\": \"#323674\"}', NULL, 'SYSTEM_ADMIN', '超级管理员', 'SYSTEM_ADMIN', '超级管理员', '2025-11-18 14:22:34', '2025-11-18 16:14:45', 'delete');
INSERT INTO `alert_level` (`id`, `name`, `code`, `severity`, `ext_info`, `remark`, `created_user_id`, `created_user_name`, `update_user_id`, `update_user_name`, `created_at`, `updated_at`, `status`) VALUES (6086820474327040, '星问对话列表查询', '4214c5b9fca148f59ebefac86eb371dc', 1, '{\"icon\": \"ShieldAlert\", \"color\": \"#c18a8a\"}', '213', 'SYSTEM_ADMIN', '超级管理员', 'SYSTEM_ADMIN', '超级管理员', '2025-11-21 20:25:00', '2025-11-21 20:29:46', 'active');
INSERT INTO `alert_level` (`id`, `name`, `code`, `severity`, `ext_info`, `remark`, `created_user_id`, `created_user_name`, `update_user_id`, `update_user_name`, `created_at`, `updated_at`, `status`) VALUES (6086845064482816, '严重告警', '78c5652e74864e148b4b755c63f80cd3', 2, '{\"icon\": \"BatteryWarning\", \"color\": \"#e70909\"}', '备注', 'SYSTEM_ADMIN', '超级管理员', 'SYSTEM_ADMIN', '超级管理员', '2025-11-21 20:28:08', '2025-11-21 20:28:16', 'active');
COMMIT;

-- ----------------------------
-- Table structure for alert_record
-- ----------------------------
DROP TABLE IF EXISTS `alert_record`;
CREATE TABLE `alert_record` (
  `id` bigint(20) NOT NULL AUTO_INCREMENT COMMENT '主键ID',
  `alert_strategy_id` bigint(20) NOT NULL COMMENT '触发的告警策略ID',
  `alert_strategy_name` varchar(100) DEFAULT NULL COMMENT '触发的告警策略名称',
  `alert_level_id` bigint(20) NOT NULL COMMENT '告警级别ID',
  `alert_level_name` varchar(100) DEFAULT NULL COMMENT '告警级别名称（冗余，便于查询）',
  `alert_type_id` bigint(20) NOT NULL COMMENT '告警类型ID',
  `alert_type_name` varchar(100) DEFAULT NULL COMMENT '告警类型名称（冗余）',
  `start_time` datetime NOT NULL COMMENT '告警开始时间',
  `end_time` datetime DEFAULT NULL COMMENT '告警结束时间',
  `process_status` varchar(20) NOT NULL DEFAULT 'Pending' COMMENT '处理状态（Pending-待处理、Processing-处理中、Processed-已处理、Released-已解除、Ignore-已忽略）',
  `alert_voucher` varchar(500) DEFAULT NULL COMMENT '凭证',
  `created_user_id` varchar(50) DEFAULT NULL COMMENT '创建人ID标识',
  `created_user_name` varchar(100) DEFAULT NULL COMMENT '创建人名称',
  `update_user_id` varchar(50) DEFAULT NULL COMMENT '修改人ID标识',
  `update_user_name` varchar(100) DEFAULT NULL COMMENT '修改人名称',
  `created_at` datetime DEFAULT CURRENT_TIMESTAMP COMMENT '创建时间',
  `updated_at` datetime DEFAULT CURRENT_TIMESTAMP ON UPDATE CURRENT_TIMESTAMP COMMENT '更新时间',
  `status` varchar(20) DEFAULT 'active' COMMENT '状态（active-正常，delete-已删除）',
  PRIMARY KEY (`id`),
  KEY `idx_alert_strategy_id` (`alert_strategy_id`),
  KEY `idx_alert_level_id` (`alert_level_id`),
  KEY `idx_alert_type_id` (`alert_type_id`),
  KEY `idx_process_status` (`process_status`),
  KEY `idx_start_time` (`start_time`),
  KEY `idx_status` (`status`)
) ENGINE=InnoDB AUTO_INCREMENT=16 DEFAULT CHARSET=utf8mb4 COMMENT='告警记录表';

-- ----------------------------
-- Records of alert_record
-- ----------------------------
BEGIN;
INSERT INTO `alert_record` (`id`, `alert_strategy_id`, `alert_strategy_name`, `alert_level_id`, `alert_level_name`, `alert_type_id`, `alert_type_name`, `start_time`, `end_time`, `process_status`, `alert_voucher`, `created_user_id`, `created_user_name`, `update_user_id`, `update_user_name`, `created_at`, `updated_at`, `status`) VALUES (1, 1, '风场边界入侵告警策略', 1, '严重告警', 2, '边界入侵', '2025-11-05 08:30:00', '2025-11-05 08:45:00', 'Processed', 'ALERT-20251105-001', 'SYSTEM_ADMIN', '超级管理员', 'SYSTEM_ADMIN', '超级管理员', '2025-11-06 12:42:12', '2025-11-06 12:42:51', 'active');
INSERT INTO `alert_record` (`id`, `alert_strategy_id`, `alert_strategy_name`, `alert_level_id`, `alert_level_name`, `alert_type_id`, `alert_type_name`, `start_time`, `end_time`, `process_status`, `alert_voucher`, `created_user_id`, `created_user_name`, `update_user_id`, `update_user_name`, `created_at`, `updated_at`, `status`) VALUES (2, 3, '10米风速告警策略', 2, '重要告警', 5, '风速告警', '2025-11-05 14:20:00', NULL, 'Processing', 'ALERT-20251105-002', 'SYSTEM_ADMIN', '超级管理员', 'SYSTEM_ADMIN', '超级管理员', '2025-11-06 12:42:12', '2025-11-06 12:42:51', 'active');
INSERT INTO `alert_record` (`id`, `alert_strategy_id`, `alert_strategy_name`, `alert_level_id`, `alert_level_name`, `alert_type_id`, `alert_type_name`, `start_time`, `end_time`, `process_status`, `alert_voucher`, `created_user_id`, `created_user_name`, `update_user_id`, `update_user_name`, `created_at`, `updated_at`, `status`) VALUES (3, 2, '禁航区超时停留告警策略', 2, '重要告警', 3, '超时停留', '2025-11-06 10:15:00', NULL, 'Pending', 'ALERT-20251106-001', 'SYSTEM_ADMIN', '超级管理员', 'SYSTEM_ADMIN', '超级管理员', '2025-11-06 12:42:12', '2025-11-06 12:42:51', 'active');
INSERT INTO `alert_record` (`id`, `alert_strategy_id`, `alert_strategy_name`, `alert_level_id`, `alert_level_name`, `alert_type_id`, `alert_type_name`, `start_time`, `end_time`, `process_status`, `alert_voucher`, `created_user_id`, `created_user_name`, `update_user_id`, `update_user_name`, `created_at`, `updated_at`, `status`) VALUES (4, 4, '浪高告警策略', 3, '一般告警', 6, '浪高告警', '2025-11-04 16:30:00', '2025-11-04 18:00:00', 'Processed', 'ALERT-20251104-001', 'SYSTEM_ADMIN', '超级管理员', 'SYSTEM_ADMIN', '超级管理员', '2025-11-06 12:42:12', '2025-11-06 12:42:51', 'active');
INSERT INTO `alert_record` (`id`, `alert_strategy_id`, `alert_strategy_name`, `alert_level_id`, `alert_level_name`, `alert_type_id`, `alert_type_name`, `start_time`, `end_time`, `process_status`, `alert_voucher`, `created_user_id`, `created_user_name`, `update_user_id`, `update_user_name`, `created_at`, `updated_at`, `status`) VALUES (5, 5, '设备故障告警策略', 1, '严重告警', 8, '设备故障', '2025-11-03 09:15:00', '2025-11-03 11:30:00', 'Processed', 'ALERT-20251103-001', 'SYSTEM_ADMIN', '超级管理员', 'SYSTEM_ADMIN', '超级管理员', '2025-11-06 12:42:12', '2025-11-06 12:42:51', 'active');
INSERT INTO `alert_record` (`id`, `alert_strategy_id`, `alert_strategy_name`, `alert_level_id`, `alert_level_name`, `alert_type_id`, `alert_type_name`, `start_time`, `end_time`, `process_status`, `alert_voucher`, `created_user_id`, `created_user_name`, `update_user_id`, `update_user_name`, `created_at`, `updated_at`, `status`) VALUES (6, 6, '设备离线告警策略', 2, '重要告警', 9, '设备离线', '2025-11-06 07:00:00', NULL, 'Processing', 'ALERT-20251106-002', 'SYSTEM_ADMIN', '超级管理员', 'SYSTEM_ADMIN', '超级管理员', '2025-11-06 12:42:12', '2025-11-06 12:42:51', 'active');
INSERT INTO `alert_record` (`id`, `alert_strategy_id`, `alert_strategy_name`, `alert_level_id`, `alert_level_name`, `alert_type_id`, `alert_type_name`, `start_time`, `end_time`, `process_status`, `alert_voucher`, `created_user_id`, `created_user_name`, `update_user_id`, `update_user_name`, `created_at`, `updated_at`, `status`) VALUES (7, 7, '人员超员告警策略', 2, '重要告警', 11, '人员超员', '2025-11-05 11:20:00', '2025-11-05 11:45:00', 'Processed', 'ALERT-20251105-003', 'SYSTEM_ADMIN', '超级管理员', 'SYSTEM_ADMIN', '超级管理员', '2025-11-06 12:42:12', '2025-11-06 12:42:51', 'active');
INSERT INTO `alert_record` (`id`, `alert_strategy_id`, `alert_strategy_name`, `alert_level_id`, `alert_level_name`, `alert_type_id`, `alert_type_name`, `start_time`, `end_time`, `process_status`, `alert_voucher`, `created_user_id`, `created_user_name`, `update_user_id`, `update_user_name`, `created_at`, `updated_at`, `status`) VALUES (8, 8, '能见度告警策略', 3, '一般告警', 12, '能见度告警', '2025-11-02 06:30:00', '2025-11-02 09:00:00', 'Processed', 'ALERT-20251102-001', 'SYSTEM_ADMIN', '超级管理员', 'SYSTEM_ADMIN', '超级管理员', '2025-11-06 12:42:12', '2025-11-06 12:42:51', 'active');
INSERT INTO `alert_record` (`id`, `alert_strategy_id`, `alert_strategy_name`, `alert_level_id`, `alert_level_name`, `alert_type_id`, `alert_type_name`, `start_time`, `end_time`, `process_status`, `alert_voucher`, `created_user_id`, `created_user_name`, `update_user_id`, `update_user_name`, `created_at`, `updated_at`, `status`) VALUES (9, 1, '风场边界入侵告警策略', 1, '严重告警', 2, '边界入侵', '2025-11-01 15:45:00', '2025-11-01 16:00:00', 'Processed', 'ALERT-20251101-001', 'SYSTEM_ADMIN', '超级管理员', 'SYSTEM_ADMIN', '超级管理员', '2025-11-06 12:42:12', '2025-11-06 12:42:51', 'active');
INSERT INTO `alert_record` (`id`, `alert_strategy_id`, `alert_strategy_name`, `alert_level_id`, `alert_level_name`, `alert_type_id`, `alert_type_name`, `start_time`, `end_time`, `process_status`, `alert_voucher`, `created_user_id`, `created_user_name`, `update_user_id`, `update_user_name`, `created_at`, `updated_at`, `status`) VALUES (10, 3, '10米风速告警策略', 2, '重要告警', 5, '风速告警', '2025-11-06 13:10:00', NULL, 'Pending', 'ALERT-20251106-003', 'SYSTEM_ADMIN', '超级管理员', 'SYSTEM_ADMIN', '超级管理员', '2025-11-06 12:42:12', '2025-11-06 12:42:51', 'active');
INSERT INTO `alert_record` (`id`, `alert_strategy_id`, `alert_strategy_name`, `alert_level_id`, `alert_level_name`, `alert_type_id`, `alert_type_name`, `start_time`, `end_time`, `process_status`, `alert_voucher`, `created_user_id`, `created_user_name`, `update_user_id`, `update_user_name`, `created_at`, `updated_at`, `status`) VALUES (11, 2, '禁航区超时停留告警策略', 2, '重要告警', 3, '超时停留', '2025-11-04 10:30:00', '2025-11-04 11:15:00', 'Processed', 'ALERT-20251104-002', 'SYSTEM_ADMIN', '超级管理员', 'SYSTEM_ADMIN', '超级管理员', '2025-11-06 12:42:12', '2025-11-06 12:42:51', 'active');
INSERT INTO `alert_record` (`id`, `alert_strategy_id`, `alert_strategy_name`, `alert_level_id`, `alert_level_name`, `alert_type_id`, `alert_type_name`, `start_time`, `end_time`, `process_status`, `alert_voucher`, `created_user_id`, `created_user_name`, `update_user_id`, `update_user_name`, `created_at`, `updated_at`, `status`) VALUES (12, 4, '浪高告警策略', 3, '一般告警', 6, '浪高告警', '2025-11-06 05:20:00', NULL, 'Pending', 'ALERT-20251106-004', 'SYSTEM_ADMIN', '超级管理员', 'SYSTEM_ADMIN', '超级管理员', '2025-11-06 12:42:12', '2025-11-06 12:42:51', 'active');
INSERT INTO `alert_record` (`id`, `alert_strategy_id`, `alert_strategy_name`, `alert_level_id`, `alert_level_name`, `alert_type_id`, `alert_type_name`, `start_time`, `end_time`, `process_status`, `alert_voucher`, `created_user_id`, `created_user_name`, `update_user_id`, `update_user_name`, `created_at`, `updated_at`, `status`) VALUES (13, 5, '设备故障告警策略', 1, '严重告警', 8, '设备故障', '2025-11-06 14:00:00', NULL, 'Processing', 'ALERT-20251106-005', 'SYSTEM_ADMIN', '超级管理员', 'SYSTEM_ADMIN', '超级管理员', '2025-11-06 12:42:12', '2025-11-06 12:42:51', 'active');
INSERT INTO `alert_record` (`id`, `alert_strategy_id`, `alert_strategy_name`, `alert_level_id`, `alert_level_name`, `alert_type_id`, `alert_type_name`, `start_time`, `end_time`, `process_status`, `alert_voucher`, `created_user_id`, `created_user_name`, `update_user_id`, `update_user_name`, `created_at`, `updated_at`, `status`) VALUES (14, 7, '人员超员告警策略', 2, '重要告警', 11, '人员超员', '2025-11-03 13:25:00', '2025-11-03 13:40:00', 'Processed', 'ALERT-20251103-002', 'SYSTEM_ADMIN', '超级管理员', 'SYSTEM_ADMIN', '超级管理员', '2025-11-06 12:42:12', '2025-11-06 12:42:51', 'active');
INSERT INTO `alert_record` (`id`, `alert_strategy_id`, `alert_strategy_name`, `alert_level_id`, `alert_level_name`, `alert_type_id`, `alert_type_name`, `start_time`, `end_time`, `process_status`, `alert_voucher`, `created_user_id`, `created_user_name`, `update_user_id`, `update_user_name`, `created_at`, `updated_at`, `status`) VALUES (15, 8, '能见度告警策略', 3, '一般告警', 12, '能见度告警', '2025-11-06 06:00:00', '2025-11-06 08:30:00', 'Processed', 'ALERT-20251106-006', 'SYSTEM_ADMIN', '超级管理员', 'SYSTEM_ADMIN', '超级管理员', '2025-11-06 12:42:12', '2025-11-06 12:42:51', 'active');
COMMIT;

-- ----------------------------
-- Table structure for alert_record_detail
-- ----------------------------
DROP TABLE IF EXISTS `alert_record_detail`;
CREATE TABLE `alert_record_detail` (
  `id` bigint(20) NOT NULL AUTO_INCREMENT COMMENT '主键ID',
  `alert_record_id` bigint(20) NOT NULL COMMENT '告警记录ID',
  `alert_location` varchar(200) DEFAULT NULL COMMENT '告警地点',
  `alert_longitude` decimal(10,6) DEFAULT NULL COMMENT '告警经度',
  `alert_latitude` decimal(10,6) DEFAULT NULL COMMENT '告警纬度',
  `ship_mmsi` varchar(50) DEFAULT NULL COMMENT '船舶MMSI号',
  `ship_name` varchar(100) DEFAULT NULL COMMENT '船舶名称',
  `boundary_name` varchar(100) DEFAULT NULL COMMENT '边界名称',
  `intrusion_distance` int(11) DEFAULT NULL COMMENT '闯入距离（米）',
  `stay_duration` int(11) DEFAULT NULL COMMENT '停留时长（秒）',
  `created_user_id` varchar(50) DEFAULT NULL COMMENT '创建人ID标识',
  `created_user_name` varchar(100) DEFAULT NULL COMMENT '创建人名称',
  `update_user_id` varchar(50) DEFAULT NULL COMMENT '修改人ID标识',
  `update_user_name` varchar(100) DEFAULT NULL COMMENT '修改人名称',
  `created_at` datetime DEFAULT CURRENT_TIMESTAMP COMMENT '创建时间',
  `updated_at` datetime DEFAULT CURRENT_TIMESTAMP ON UPDATE CURRENT_TIMESTAMP COMMENT '更新时间',
  `status` varchar(20) DEFAULT 'active' COMMENT '状态（active-正常，delete-已删除）',
  PRIMARY KEY (`id`),
  KEY `idx_alert_record_id` (`alert_record_id`),
  KEY `idx_ship_mmsi` (`ship_mmsi`),
  KEY `idx_status` (`status`)
) ENGINE=InnoDB AUTO_INCREMENT=16 DEFAULT CHARSET=utf8mb4 COMMENT='告警记录详情表';

-- ----------------------------
-- Records of alert_record_detail
-- ----------------------------
BEGIN;
INSERT INTO `alert_record_detail` (`id`, `alert_record_id`, `alert_location`, `alert_longitude`, `alert_latitude`, `ship_mmsi`, `ship_name`, `boundary_name`, `intrusion_distance`, `stay_duration`, `created_user_id`, `created_user_name`, `update_user_id`, `update_user_name`, `created_at`, `updated_at`, `status`) VALUES (1, 1, '江苏如东海上风电场', 121.856234, 32.458901, '413568920', '海洋工程1号', '风场核心区', 150, 300, 'SYSTEM_ADMIN', '超级管理员', 'SYSTEM_ADMIN', '超级管理员', '2025-11-06 12:42:12', '2025-11-06 12:42:51', 'active');
INSERT INTO `alert_record_detail` (`id`, `alert_record_id`, `alert_location`, `alert_longitude`, `alert_latitude`, `ship_mmsi`, `ship_name`, `boundary_name`, `intrusion_distance`, `stay_duration`, `created_user_id`, `created_user_name`, `update_user_id`, `update_user_name`, `created_at`, `updated_at`, `status`) VALUES (2, 2, '江苏如东海上风电场', 121.862345, 32.461234, '413568921', '海洋运输2号', NULL, NULL, NULL, 'SYSTEM_ADMIN', '超级管理员', 'SYSTEM_ADMIN', '超级管理员', '2025-11-06 12:42:12', '2025-11-06 12:42:51', 'active');
INSERT INTO `alert_record_detail` (`id`, `alert_record_id`, `alert_location`, `alert_longitude`, `alert_latitude`, `ship_mmsi`, `ship_name`, `boundary_name`, `intrusion_distance`, `stay_duration`, `created_user_id`, `created_user_name`, `update_user_id`, `update_user_name`, `created_at`, `updated_at`, `status`) VALUES (3, 3, '江苏如东海上风电场', 121.859876, 32.463456, '413568922', '海洋维护3号', '禁航区A', 80, 720, 'SYSTEM_ADMIN', '超级管理员', 'SYSTEM_ADMIN', '超级管理员', '2025-11-06 12:42:12', '2025-11-06 12:42:51', 'active');
INSERT INTO `alert_record_detail` (`id`, `alert_record_id`, `alert_location`, `alert_longitude`, `alert_latitude`, `ship_mmsi`, `ship_name`, `boundary_name`, `intrusion_distance`, `stay_duration`, `created_user_id`, `created_user_name`, `update_user_id`, `update_user_name`, `created_at`, `updated_at`, `status`) VALUES (4, 4, '江苏如东海上风电场', 121.858123, 32.460789, '413568923', '海洋补给4号', NULL, NULL, NULL, 'SYSTEM_ADMIN', '超级管理员', 'SYSTEM_ADMIN', '超级管理员', '2025-11-06 12:42:12', '2025-11-06 12:42:51', 'active');
INSERT INTO `alert_record_detail` (`id`, `alert_record_id`, `alert_location`, `alert_longitude`, `alert_latitude`, `ship_mmsi`, `ship_name`, `boundary_name`, `intrusion_distance`, `stay_duration`, `created_user_id`, `created_user_name`, `update_user_id`, `update_user_name`, `created_at`, `updated_at`, `status`) VALUES (5, 5, '江苏如东海上风电场', 121.861234, 32.462345, '413568924', '海洋工程5号', NULL, NULL, NULL, 'SYSTEM_ADMIN', '超级管理员', 'SYSTEM_ADMIN', '超级管理员', '2025-11-06 12:42:12', '2025-11-06 12:42:51', 'active');
INSERT INTO `alert_record_detail` (`id`, `alert_record_id`, `alert_location`, `alert_longitude`, `alert_latitude`, `ship_mmsi`, `ship_name`, `boundary_name`, `intrusion_distance`, `stay_duration`, `created_user_id`, `created_user_name`, `update_user_id`, `update_user_name`, `created_at`, `updated_at`, `status`) VALUES (6, 6, '江苏如东海上风电场', 121.857890, 32.459012, '413568925', '海洋运输6号', NULL, NULL, NULL, 'SYSTEM_ADMIN', '超级管理员', 'SYSTEM_ADMIN', '超级管理员', '2025-11-06 12:42:12', '2025-11-06 12:42:51', 'active');
INSERT INTO `alert_record_detail` (`id`, `alert_record_id`, `alert_location`, `alert_longitude`, `alert_latitude`, `ship_mmsi`, `ship_name`, `boundary_name`, `intrusion_distance`, `stay_duration`, `created_user_id`, `created_user_name`, `update_user_id`, `update_user_name`, `created_at`, `updated_at`, `status`) VALUES (7, 7, '江苏如东海上风电场', 121.863456, 32.464567, '413568920', '海洋工程1号', NULL, NULL, NULL, 'SYSTEM_ADMIN', '超级管理员', 'SYSTEM_ADMIN', '超级管理员', '2025-11-06 12:42:12', '2025-11-06 12:42:51', 'active');
INSERT INTO `alert_record_detail` (`id`, `alert_record_id`, `alert_location`, `alert_longitude`, `alert_latitude`, `ship_mmsi`, `ship_name`, `boundary_name`, `intrusion_distance`, `stay_duration`, `created_user_id`, `created_user_name`, `update_user_id`, `update_user_name`, `created_at`, `updated_at`, `status`) VALUES (8, 8, '江苏如东海上风电场', 121.855678, 32.457890, '413568926', '海洋维护7号', NULL, NULL, NULL, 'SYSTEM_ADMIN', '超级管理员', 'SYSTEM_ADMIN', '超级管理员', '2025-11-06 12:42:12', '2025-11-06 12:42:51', 'active');
INSERT INTO `alert_record_detail` (`id`, `alert_record_id`, `alert_location`, `alert_longitude`, `alert_latitude`, `ship_mmsi`, `ship_name`, `boundary_name`, `intrusion_distance`, `stay_duration`, `created_user_id`, `created_user_name`, `update_user_id`, `update_user_name`, `created_at`, `updated_at`, `status`) VALUES (9, 9, '江苏如东海上风电场', 121.860123, 32.461456, '413568927', '海洋工程8号', '风场核心区', 200, 450, 'SYSTEM_ADMIN', '超级管理员', 'SYSTEM_ADMIN', '超级管理员', '2025-11-06 12:42:12', '2025-11-06 12:42:51', 'active');
INSERT INTO `alert_record_detail` (`id`, `alert_record_id`, `alert_location`, `alert_longitude`, `alert_latitude`, `ship_mmsi`, `ship_name`, `boundary_name`, `intrusion_distance`, `stay_duration`, `created_user_id`, `created_user_name`, `update_user_id`, `update_user_name`, `created_at`, `updated_at`, `status`) VALUES (10, 10, '江苏如东海上风电场', 121.864567, 32.465678, '413568921', '海洋运输2号', NULL, NULL, NULL, 'SYSTEM_ADMIN', '超级管理员', 'SYSTEM_ADMIN', '超级管理员', '2025-11-06 12:42:12', '2025-11-06 12:42:51', 'active');
INSERT INTO `alert_record_detail` (`id`, `alert_record_id`, `alert_location`, `alert_longitude`, `alert_latitude`, `ship_mmsi`, `ship_name`, `boundary_name`, `intrusion_distance`, `stay_duration`, `created_user_id`, `created_user_name`, `update_user_id`, `update_user_name`, `created_at`, `updated_at`, `status`) VALUES (11, 11, '江苏如东海上风电场', 121.858901, 32.460234, '413568928', '海洋补给9号', '禁航区B', 120, 900, 'SYSTEM_ADMIN', '超级管理员', 'SYSTEM_ADMIN', '超级管理员', '2025-11-06 12:42:12', '2025-11-06 12:42:51', 'active');
INSERT INTO `alert_record_detail` (`id`, `alert_record_id`, `alert_location`, `alert_longitude`, `alert_latitude`, `ship_mmsi`, `ship_name`, `boundary_name`, `intrusion_distance`, `stay_duration`, `created_user_id`, `created_user_name`, `update_user_id`, `update_user_name`, `created_at`, `updated_at`, `status`) VALUES (12, 12, '江苏如东海上风电场', 121.862789, 32.463890, '413568922', '海洋维护3号', NULL, NULL, NULL, 'SYSTEM_ADMIN', '超级管理员', 'SYSTEM_ADMIN', '超级管理员', '2025-11-06 12:42:12', '2025-11-06 12:42:51', 'active');
INSERT INTO `alert_record_detail` (`id`, `alert_record_id`, `alert_location`, `alert_longitude`, `alert_latitude`, `ship_mmsi`, `ship_name`, `boundary_name`, `intrusion_distance`, `stay_duration`, `created_user_id`, `created_user_name`, `update_user_id`, `update_user_name`, `created_at`, `updated_at`, `status`) VALUES (13, 13, '江苏如东海上风电场', 121.857345, 32.458567, '413568929', '海洋工程10号', NULL, NULL, NULL, 'SYSTEM_ADMIN', '超级管理员', 'SYSTEM_ADMIN', '超级管理员', '2025-11-06 12:42:12', '2025-11-06 12:42:51', 'active');
INSERT INTO `alert_record_detail` (`id`, `alert_record_id`, `alert_location`, `alert_longitude`, `alert_latitude`, `ship_mmsi`, `ship_name`, `boundary_name`, `intrusion_distance`, `stay_duration`, `created_user_id`, `created_user_name`, `update_user_id`, `update_user_name`, `created_at`, `updated_at`, `status`) VALUES (14, 14, '江苏如东海上风电场', 121.861678, 32.462901, '413568923', '海洋补给4号', NULL, NULL, NULL, 'SYSTEM_ADMIN', '超级管理员', 'SYSTEM_ADMIN', '超级管理员', '2025-11-06 12:42:12', '2025-11-06 12:42:51', 'active');
INSERT INTO `alert_record_detail` (`id`, `alert_record_id`, `alert_location`, `alert_longitude`, `alert_latitude`, `ship_mmsi`, `ship_name`, `boundary_name`, `intrusion_distance`, `stay_duration`, `created_user_id`, `created_user_name`, `update_user_id`, `update_user_name`, `created_at`, `updated_at`, `status`) VALUES (15, 15, '江苏如东海上风电场', 121.859234, 32.460678, '413568930', '海洋运输11号', NULL, NULL, NULL, 'SYSTEM_ADMIN', '超级管理员', 'SYSTEM_ADMIN', '超级管理员', '2025-11-06 12:42:12', '2025-11-06 12:42:51', 'active');
COMMIT;

-- ----------------------------
-- Table structure for alert_strategy
-- ----------------------------
DROP TABLE IF EXISTS `alert_strategy`;
CREATE TABLE `alert_strategy` (
  `id` bigint(20) NOT NULL AUTO_INCREMENT COMMENT '主键ID',
  `name` varchar(100) NOT NULL COMMENT '告警策略名称',
  `strategy_status` varchar(20) NOT NULL DEFAULT 'Enabled' COMMENT '策略状态（Enabled-启用、Disable-禁止）',
  `alert_level_id` bigint(20) NOT NULL COMMENT '告警级别ID',
  `expand` int(11) DEFAULT '0' COMMENT '外扩米数',
  `alert_type_id` bigint(20) NOT NULL COMMENT '告警类型ID',
  `alert_rule_id` bigint(20) NOT NULL COMMENT '告警规则ID',
  `cycle` int(11) DEFAULT '-1' COMMENT '统计周期时长（单位分钟，-1表示及时）',
  `handle_type` varchar(20) DEFAULT 'Manual' COMMENT '处理方式（Manual-手动处理）',
  `created_user_id` varchar(50) DEFAULT NULL COMMENT '创建人ID标识',
  `created_user_name` varchar(100) DEFAULT NULL COMMENT '创建人名称',
  `update_user_id` varchar(50) DEFAULT NULL COMMENT '修改人ID标识',
  `update_user_name` varchar(100) DEFAULT NULL COMMENT '修改人名称',
  `created_at` datetime DEFAULT CURRENT_TIMESTAMP COMMENT '创建时间',
  `updated_at` datetime DEFAULT CURRENT_TIMESTAMP ON UPDATE CURRENT_TIMESTAMP COMMENT '更新时间',
  `status` varchar(20) DEFAULT 'active' COMMENT '状态（active-正常，delete-已删除）',
  PRIMARY KEY (`id`),
  KEY `idx_alert_level_id` (`alert_level_id`),
  KEY `idx_alert_type_id` (`alert_type_id`),
  KEY `idx_alert_rule_id` (`alert_rule_id`),
  KEY `idx_strategy_status` (`strategy_status`),
  KEY `idx_status` (`status`)
) ENGINE=InnoDB AUTO_INCREMENT=6086851580727297 DEFAULT CHARSET=utf8mb4 COMMENT='告警策略表';

-- ----------------------------
-- Records of alert_strategy
-- ----------------------------
BEGIN;
INSERT INTO `alert_strategy` (`id`, `name`, `strategy_status`, `alert_level_id`, `expand`, `alert_type_id`, `alert_rule_id`, `cycle`, `handle_type`, `created_user_id`, `created_user_name`, `update_user_id`, `update_user_name`, `created_at`, `updated_at`, `status`) VALUES (1, '风场边界入侵告警策略', 'Enabled', 1, 100, 2, 1, -1, 'Manual', 'SYSTEM_ADMIN', '超级管理员', 'SYSTEM_ADMIN', '超级管理员', '2025-11-06 12:42:12', '2025-11-06 12:42:50', 'active');
INSERT INTO `alert_strategy` (`id`, `name`, `strategy_status`, `alert_level_id`, `expand`, `alert_type_id`, `alert_rule_id`, `cycle`, `handle_type`, `created_user_id`, `created_user_name`, `update_user_id`, `update_user_name`, `created_at`, `updated_at`, `status`) VALUES (2, '禁航区超时停留告警策略', 'Enabled', 2, 50, 3, 2, 5, 'Manual', 'SYSTEM_ADMIN', '超级管理员', 'SYSTEM_ADMIN', '超级管理员', '2025-11-06 12:42:12', '2025-11-18 06:09:59', 'active');
INSERT INTO `alert_strategy` (`id`, `name`, `strategy_status`, `alert_level_id`, `expand`, `alert_type_id`, `alert_rule_id`, `cycle`, `handle_type`, `created_user_id`, `created_user_name`, `update_user_id`, `update_user_name`, `created_at`, `updated_at`, `status`) VALUES (3, '10米风速告警策略', 'Enabled', 2, 0, 5, 1, -1, 'Manual', 'SYSTEM_ADMIN', '超级管理员', 'SYSTEM_ADMIN', '超级管理员', '2025-11-06 12:42:12', '2025-11-18 06:09:59', 'active');
INSERT INTO `alert_strategy` (`id`, `name`, `strategy_status`, `alert_level_id`, `expand`, `alert_type_id`, `alert_rule_id`, `cycle`, `handle_type`, `created_user_id`, `created_user_name`, `update_user_id`, `update_user_name`, `created_at`, `updated_at`, `status`) VALUES (4, '浪高告警策略', 'Enabled', 3, 0, 6, 2, 5, 'Manual', 'SYSTEM_ADMIN', '超级管理员', 'SYSTEM_ADMIN', '超级管理员', '2025-11-06 12:42:12', '2025-11-18 06:09:59', 'active');
INSERT INTO `alert_strategy` (`id`, `name`, `strategy_status`, `alert_level_id`, `expand`, `alert_type_id`, `alert_rule_id`, `cycle`, `handle_type`, `created_user_id`, `created_user_name`, `update_user_id`, `update_user_name`, `created_at`, `updated_at`, `status`) VALUES (5, '设备故障告警策略', 'Enabled', 1, 0, 8, 1, -1, 'Manual', 'SYSTEM_ADMIN', '超级管理员', 'SYSTEM_ADMIN', '超级管理员', '2025-11-06 12:42:12', '2025-11-18 06:09:59', 'active');
INSERT INTO `alert_strategy` (`id`, `name`, `strategy_status`, `alert_level_id`, `expand`, `alert_type_id`, `alert_rule_id`, `cycle`, `handle_type`, `created_user_id`, `created_user_name`, `update_user_id`, `update_user_name`, `created_at`, `updated_at`, `status`) VALUES (6, '设备离线告警策略', 'Enabled', 2, 0, 9, 3, 10, 'Manual', 'SYSTEM_ADMIN', '超级管理员', 'SYSTEM_ADMIN', '超级管理员', '2025-11-06 12:42:12', '2025-11-18 06:09:59', 'active');
INSERT INTO `alert_strategy` (`id`, `name`, `strategy_status`, `alert_level_id`, `expand`, `alert_type_id`, `alert_rule_id`, `cycle`, `handle_type`, `created_user_id`, `created_user_name`, `update_user_id`, `update_user_name`, `created_at`, `updated_at`, `status`) VALUES (7, '人员超员告警策略', 'Enabled', 2, 0, 11, 1, -1, 'Manual', 'SYSTEM_ADMIN', '超级管理员', 'SYSTEM_ADMIN', '超级管理员', '2025-11-06 12:42:12', '2025-11-18 06:09:59', 'active');
INSERT INTO `alert_strategy` (`id`, `name`, `strategy_status`, `alert_level_id`, `expand`, `alert_type_id`, `alert_rule_id`, `cycle`, `handle_type`, `created_user_id`, `created_user_name`, `update_user_id`, `update_user_name`, `created_at`, `updated_at`, `status`) VALUES (8, '能见度告警策略', 'Enabled', 3, 0, 12, 2, 5, 'Manual', 'SYSTEM_ADMIN', '超级管理员', 'SYSTEM_ADMIN', '超级管理员', '2025-11-06 12:42:12', '2025-11-18 06:09:59', 'active');
INSERT INTO `alert_strategy` (`id`, `name`, `strategy_status`, `alert_level_id`, `expand`, `alert_type_id`, `alert_rule_id`, `cycle`, `handle_type`, `created_user_id`, `created_user_name`, `update_user_id`, `update_user_name`, `created_at`, `updated_at`, `status`) VALUES (5925052441628672, 'data111', 'Disabled', 1, 0, 2, 2, 30, 'Manual', 'SYSTEM_ADMIN', '超级管理员', 'SYSTEM_ADMIN', '超级管理员', '2025-11-07 13:35:08', '2025-11-07 13:35:08', 'active');
INSERT INTO `alert_strategy` (`id`, `name`, `strategy_status`, `alert_level_id`, `expand`, `alert_type_id`, `alert_rule_id`, `cycle`, `handle_type`, `created_user_id`, `created_user_name`, `update_user_id`, `update_user_name`, `created_at`, `updated_at`, `status`) VALUES (6048037203152896, 'data111', 'Enabled', 2, 0, 2, 2, 30, 'Manual', 'SYSTEM_ADMIN', '超级管理员', 'SYSTEM_ADMIN', '超级管理员', '2025-11-18 10:13:27', '2025-11-20 16:48:00', 'delete');
INSERT INTO `alert_strategy` (`id`, `name`, `strategy_status`, `alert_level_id`, `expand`, `alert_type_id`, `alert_rule_id`, `cycle`, `handle_type`, `created_user_id`, `created_user_name`, `update_user_id`, `update_user_name`, `created_at`, `updated_at`, `status`) VALUES (6073195224961024, 'xuj', 'Enabled', 1, 0, 5, 5, -1, 'Manual', 'SYSTEM_ADMIN', '超级管理员', 'SYSTEM_ADMIN', '超级管理员', '2025-11-20 15:32:28', '2025-11-20 15:36:56', 'delete');
INSERT INTO `alert_strategy` (`id`, `name`, `strategy_status`, `alert_level_id`, `expand`, `alert_type_id`, `alert_rule_id`, `cycle`, `handle_type`, `created_user_id`, `created_user_name`, `update_user_id`, `update_user_name`, `created_at`, `updated_at`, `status`) VALUES (6073213059272704, 'delve', 'Enabled', 1, 0, 6, 2, -1, 'Manual', 'SYSTEM_ADMIN', '超级管理员', 'SYSTEM_ADMIN', '超级管理员', '2025-11-20 15:34:44', '2025-11-20 15:36:51', 'delete');
INSERT INTO `alert_strategy` (`id`, `name`, `strategy_status`, `alert_level_id`, `expand`, `alert_type_id`, `alert_rule_id`, `cycle`, `handle_type`, `created_user_id`, `created_user_name`, `update_user_id`, `update_user_name`, `created_at`, `updated_at`, `status`) VALUES (6073271912566784, '124', 'Enabled', 2, 0, 6, 2, -1, 'Manual', 'SYSTEM_ADMIN', '超级管理员', 'SYSTEM_ADMIN', '超级管理员', '2025-11-20 15:42:13', '2025-11-20 15:42:52', 'delete');
INSERT INTO `alert_strategy` (`id`, `name`, `strategy_status`, `alert_level_id`, `expand`, `alert_type_id`, `alert_rule_id`, `cycle`, `handle_type`, `created_user_id`, `created_user_name`, `update_user_id`, `update_user_name`, `created_at`, `updated_at`, `status`) VALUES (6086478193430528, '星问对话列表查询', 'Enabled', 1, 0, 10, 2, 10, 'Manual', 'SYSTEM_ADMIN', '超级管理员', 'SYSTEM_ADMIN', '超级管理员', '2025-11-21 19:41:29', '2025-11-21 19:41:29', 'active');
INSERT INTO `alert_strategy` (`id`, `name`, `strategy_status`, `alert_level_id`, `expand`, `alert_type_id`, `alert_rule_id`, `cycle`, `handle_type`, `created_user_id`, `created_user_name`, `update_user_id`, `update_user_name`, `created_at`, `updated_at`, `status`) VALUES (6086479490387968, '124', 'Enabled', 3, 0, 5, 2, 10, 'Manual', 'SYSTEM_ADMIN', '超级管理员', 'SYSTEM_ADMIN', '超级管理员', '2025-11-21 19:41:39', '2025-11-21 19:41:46', 'delete');
INSERT INTO `alert_strategy` (`id`, `name`, `strategy_status`, `alert_level_id`, `expand`, `alert_type_id`, `alert_rule_id`, `cycle`, `handle_type`, `created_user_id`, `created_user_name`, `update_user_id`, `update_user_name`, `created_at`, `updated_at`, `status`) VALUES (6086736600305664, '严重告警', 'Enabled', 3, 0, 4, 1, 30, 'Manual', 'SYSTEM_ADMIN', '超级管理员', 'SYSTEM_ADMIN', '超级管理员', '2025-11-21 20:14:20', '2025-11-21 20:14:20', 'active');
INSERT INTO `alert_strategy` (`id`, `name`, `strategy_status`, `alert_level_id`, `expand`, `alert_type_id`, `alert_rule_id`, `cycle`, `handle_type`, `created_user_id`, `created_user_name`, `update_user_id`, `update_user_name`, `created_at`, `updated_at`, `status`) VALUES (6086851580727296, '严重告警', 'Enabled', 6086820474327040, 0, 4, 3, 10, 'Manual', 'SYSTEM_ADMIN', '超级管理员', 'SYSTEM_ADMIN', '超级管理员', '2025-11-21 20:28:57', '2025-11-21 20:28:57', 'active');
COMMIT;

-- ----------------------------
-- Table structure for alert_strategy_notice
-- ----------------------------
DROP TABLE IF EXISTS `alert_strategy_notice`;
CREATE TABLE `alert_strategy_notice` (
  `id` bigint(20) NOT NULL AUTO_INCREMENT COMMENT '主键ID',
  `alert_strategy_id` bigint(20) NOT NULL COMMENT '告警策略ID',
  `notice_type` varchar(20) NOT NULL COMMENT '通知方式（DM-站内信、SMS-短信）',
  `notice_object_code` json DEFAULT NULL COMMENT '告警联系对象标识集合（数组形式存储标识）',
  `notice_object_type` varchar(50) DEFAULT NULL COMMENT '联系人类型（联系人、联系人分组）',
  `created_user_id` varchar(50) DEFAULT NULL COMMENT '创建人ID标识',
  `created_user_name` varchar(100) DEFAULT NULL COMMENT '创建人名称',
  `update_user_id` varchar(50) DEFAULT NULL COMMENT '修改人ID标识',
  `update_user_name` varchar(100) DEFAULT NULL COMMENT '修改人名称',
  `created_at` datetime DEFAULT CURRENT_TIMESTAMP COMMENT '创建时间',
  `updated_at` datetime DEFAULT CURRENT_TIMESTAMP ON UPDATE CURRENT_TIMESTAMP COMMENT '更新时间',
  `status` varchar(20) DEFAULT 'active' COMMENT '状态（active-正常，delete-已删除）',
  PRIMARY KEY (`id`),
  KEY `idx_alert_strategy_id` (`alert_strategy_id`),
  KEY `idx_notice_type` (`notice_type`),
  KEY `idx_status` (`status`)
) ENGINE=InnoDB AUTO_INCREMENT=6086617530044417 DEFAULT CHARSET=utf8mb4 COMMENT='告警通知策略表';

-- ----------------------------
-- Records of alert_strategy_notice
-- ----------------------------
BEGIN;
INSERT INTO `alert_strategy_notice` (`id`, `alert_strategy_id`, `notice_type`, `notice_object_code`, `notice_object_type`, `created_user_id`, `created_user_name`, `update_user_id`, `update_user_name`, `created_at`, `updated_at`, `status`) VALUES (1, 1, 'DM', '[\"admin\", \"safety_manager\"]', '联系人', 'SYSTEM_ADMIN', '超级管理员', 'SYSTEM_ADMIN', '超级管理员', '2025-11-06 12:42:12', '2025-11-20 07:33:58', 'delete');
INSERT INTO `alert_strategy_notice` (`id`, `alert_strategy_id`, `notice_type`, `notice_object_code`, `notice_object_type`, `created_user_id`, `created_user_name`, `update_user_id`, `update_user_name`, `created_at`, `updated_at`, `status`) VALUES (2, 1, 'SMS', '[\"emergency_group\"]', '联系人分组', 'SYSTEM_ADMIN', '超级管理员', 'SYSTEM_ADMIN', '超级管理员', '2025-11-06 12:42:12', '2025-11-20 07:33:58', 'delete');
INSERT INTO `alert_strategy_notice` (`id`, `alert_strategy_id`, `notice_type`, `notice_object_code`, `notice_object_type`, `created_user_id`, `created_user_name`, `update_user_id`, `update_user_name`, `created_at`, `updated_at`, `status`) VALUES (3, 2, 'DM', '[\"admin\", \"operation_manager\"]', '联系人', 'SYSTEM_ADMIN', '超级管理员', 'SYSTEM_ADMIN', '超级管理员', '2025-11-06 12:42:12', '2025-11-20 08:49:47', 'delete');
INSERT INTO `alert_strategy_notice` (`id`, `alert_strategy_id`, `notice_type`, `notice_object_code`, `notice_object_type`, `created_user_id`, `created_user_name`, `update_user_id`, `update_user_name`, `created_at`, `updated_at`, `status`) VALUES (4, 3, 'SMS', '[\"weather_group\"]', '联系人分组', 'SYSTEM_ADMIN', '超级管理员', 'SYSTEM_ADMIN', '超级管理员', '2025-11-06 12:42:12', '2025-11-18 06:09:48', 'active');
INSERT INTO `alert_strategy_notice` (`id`, `alert_strategy_id`, `notice_type`, `notice_object_code`, `notice_object_type`, `created_user_id`, `created_user_name`, `update_user_id`, `update_user_name`, `created_at`, `updated_at`, `status`) VALUES (5, 4, 'DM', '[\"tech_director\"]', '联系人', 'SYSTEM_ADMIN', '超级管理员', 'SYSTEM_ADMIN', '超级管理员', '2025-11-06 12:42:12', '2025-11-18 06:09:48', 'active');
INSERT INTO `alert_strategy_notice` (`id`, `alert_strategy_id`, `notice_type`, `notice_object_code`, `notice_object_type`, `created_user_id`, `created_user_name`, `update_user_id`, `update_user_name`, `created_at`, `updated_at`, `status`) VALUES (6, 5, 'SMS', '[\"emergency_group\"]', '联系人分组', 'SYSTEM_ADMIN', '超级管理员', 'SYSTEM_ADMIN', '超级管理员', '2025-11-06 12:42:12', '2025-11-20 08:49:51', 'delete');
INSERT INTO `alert_strategy_notice` (`id`, `alert_strategy_id`, `notice_type`, `notice_object_code`, `notice_object_type`, `created_user_id`, `created_user_name`, `update_user_id`, `update_user_name`, `created_at`, `updated_at`, `status`) VALUES (7, 6, 'DM', '[\"tech_director\", \"operation_manager\"]', '联系人', 'SYSTEM_ADMIN', '超级管理员', 'SYSTEM_ADMIN', '超级管理员', '2025-11-06 12:42:12', '2025-11-18 06:09:49', 'active');
INSERT INTO `alert_strategy_notice` (`id`, `alert_strategy_id`, `notice_type`, `notice_object_code`, `notice_object_type`, `created_user_id`, `created_user_name`, `update_user_id`, `update_user_name`, `created_at`, `updated_at`, `status`) VALUES (8, 7, 'SMS', '[\"safety_group\"]', '联系人分组', 'SYSTEM_ADMIN', '超级管理员', 'SYSTEM_ADMIN', '超级管理员', '2025-11-06 12:42:12', '2025-11-18 06:09:49', 'active');
INSERT INTO `alert_strategy_notice` (`id`, `alert_strategy_id`, `notice_type`, `notice_object_code`, `notice_object_type`, `created_user_id`, `created_user_name`, `update_user_id`, `update_user_name`, `created_at`, `updated_at`, `status`) VALUES (9, 8, 'DM', '[\"vessel_captain\"]', '联系人', 'SYSTEM_ADMIN', '超级管理员', 'SYSTEM_ADMIN', '超级管理员', '2025-11-06 12:42:12', '2025-11-06 12:42:50', 'active');
INSERT INTO `alert_strategy_notice` (`id`, `alert_strategy_id`, `notice_type`, `notice_object_code`, `notice_object_type`, `created_user_id`, `created_user_name`, `update_user_id`, `update_user_name`, `created_at`, `updated_at`, `status`) VALUES (10, 2, 'SMS', '[\"operation_group\"]', '联系人分组', 'SYSTEM_ADMIN', '超级管理员', 'SYSTEM_ADMIN', '超级管理员', '2025-11-06 12:42:12', '2025-11-20 08:49:47', 'delete');
INSERT INTO `alert_strategy_notice` (`id`, `alert_strategy_id`, `notice_type`, `notice_object_code`, `notice_object_type`, `created_user_id`, `created_user_name`, `update_user_id`, `update_user_name`, `created_at`, `updated_at`, `status`) VALUES (5917259000778752, 1, 'DM', '[\"admin\", \"safety_manager\"]', '联系人', 'SYSTEM_ADMIN', '超级管理员', 'SYSTEM_ADMIN', '超级管理员', '2025-11-06 21:04:09', '2025-11-20 07:33:58', 'delete');
INSERT INTO `alert_strategy_notice` (`id`, `alert_strategy_id`, `notice_type`, `notice_object_code`, `notice_object_type`, `created_user_id`, `created_user_name`, `update_user_id`, `update_user_name`, `created_at`, `updated_at`, `status`) VALUES (5917259005890560, 1, 'SMS', '[\"10\"]', 'person_info', 'SYSTEM_ADMIN', '超级管理员', 'SYSTEM_ADMIN', '超级管理员', '2025-11-06 21:04:09', '2025-11-20 07:33:58', 'delete');
INSERT INTO `alert_strategy_notice` (`id`, `alert_strategy_id`, `notice_type`, `notice_object_code`, `notice_object_type`, `created_user_id`, `created_user_name`, `update_user_id`, `update_user_name`, `created_at`, `updated_at`, `status`) VALUES (5925052472037376, 5925052441628672, 'DM', NULL, NULL, 'SYSTEM_ADMIN', '超级管理员', 'SYSTEM_ADMIN', '超级管理员', '2025-11-07 13:35:08', '2025-11-20 07:33:54', 'delete');
INSERT INTO `alert_strategy_notice` (`id`, `alert_strategy_id`, `notice_type`, `notice_object_code`, `notice_object_type`, `created_user_id`, `created_user_name`, `update_user_id`, `update_user_name`, `created_at`, `updated_at`, `status`) VALUES (5980253442740224, 5980253423865856, 'email', '[\"admin@example.com\"]', 'recipients', 'SYSTEM_ADMIN', '超级管理员', 'SYSTEM_ADMIN', '超级管理员', '2025-11-12 10:34:18', '2025-11-18 06:09:49', 'active');
INSERT INTO `alert_strategy_notice` (`id`, `alert_strategy_id`, `notice_type`, `notice_object_code`, `notice_object_type`, `created_user_id`, `created_user_name`, `update_user_id`, `update_user_name`, `created_at`, `updated_at`, `status`) VALUES (5980253447589888, 5980253423865856, 'sms', '[\"13800000000\"]', 'phones', 'SYSTEM_ADMIN', '超级管理员', 'SYSTEM_ADMIN', '超级管理员', '2025-11-12 10:34:18', '2025-11-18 06:09:49', 'active');
INSERT INTO `alert_strategy_notice` (`id`, `alert_strategy_id`, `notice_type`, `notice_object_code`, `notice_object_type`, `created_user_id`, `created_user_name`, `update_user_id`, `update_user_name`, `created_at`, `updated_at`, `status`) VALUES (5980260794961920, 5980253423865856, 'email', '[\"admin@example.com\", \"manager@example.com\"]', 'recipients', 'SYSTEM_ADMIN', '超级管理员', 'SYSTEM_ADMIN', '超级管理员', '2025-11-12 10:35:14', '2025-11-12 10:35:14', 'active');
INSERT INTO `alert_strategy_notice` (`id`, `alert_strategy_id`, `notice_type`, `notice_object_code`, `notice_object_type`, `created_user_id`, `created_user_name`, `update_user_id`, `update_user_name`, `created_at`, `updated_at`, `status`) VALUES (6048037221896192, 6048037203152896, 'DM', NULL, NULL, 'SYSTEM_ADMIN', '超级管理员', 'SYSTEM_ADMIN', '超级管理员', '2025-11-18 10:13:27', '2025-11-20 06:17:45', 'delete');
INSERT INTO `alert_strategy_notice` (`id`, `alert_strategy_id`, `notice_type`, `notice_object_code`, `notice_object_type`, `created_user_id`, `created_user_name`, `update_user_id`, `update_user_name`, `created_at`, `updated_at`, `status`) VALUES (6072607677157376, 6048037203152896, 'DM', NULL, NULL, 'SYSTEM_ADMIN', '超级管理员', 'SYSTEM_ADMIN', '超级管理员', '2025-11-20 14:17:45', '2025-11-20 07:30:47', 'delete');
INSERT INTO `alert_strategy_notice` (`id`, `alert_strategy_id`, `notice_type`, `notice_object_code`, `notice_object_type`, `created_user_id`, `created_user_name`, `update_user_id`, `update_user_name`, `created_at`, `updated_at`, `status`) VALUES (6073182143975424, 6048037203152896, 'DM', NULL, NULL, 'SYSTEM_ADMIN', '超级管理员', 'SYSTEM_ADMIN', '超级管理员', '2025-11-20 15:30:48', '2025-11-20 07:32:39', 'delete');
INSERT INTO `alert_strategy_notice` (`id`, `alert_strategy_id`, `notice_type`, `notice_object_code`, `notice_object_type`, `created_user_id`, `created_user_name`, `update_user_id`, `update_user_name`, `created_at`, `updated_at`, `status`) VALUES (6073195246063616, 6073195224961024, 'DM', NULL, NULL, 'SYSTEM_ADMIN', '超级管理员', 'SYSTEM_ADMIN', '超级管理员', '2025-11-20 15:32:28', '2025-11-20 07:33:48', 'delete');
INSERT INTO `alert_strategy_notice` (`id`, `alert_strategy_id`, `notice_type`, `notice_object_code`, `notice_object_type`, `created_user_id`, `created_user_name`, `update_user_id`, `update_user_name`, `created_at`, `updated_at`, `status`) VALUES (6073196712628224, 6048037203152896, 'DM', NULL, NULL, 'SYSTEM_ADMIN', '超级管理员', 'SYSTEM_ADMIN', '超级管理员', '2025-11-20 15:32:39', '2025-11-20 07:33:36', 'delete');
INSERT INTO `alert_strategy_notice` (`id`, `alert_strategy_id`, `notice_type`, `notice_object_code`, `notice_object_type`, `created_user_id`, `created_user_name`, `update_user_id`, `update_user_name`, `created_at`, `updated_at`, `status`) VALUES (6073204238913536, 6048037203152896, 'DM', NULL, NULL, 'SYSTEM_ADMIN', '超级管理员', 'SYSTEM_ADMIN', '超级管理员', '2025-11-20 15:33:37', '2025-11-20 07:33:51', 'delete');
INSERT INTO `alert_strategy_notice` (`id`, `alert_strategy_id`, `notice_type`, `notice_object_code`, `notice_object_type`, `created_user_id`, `created_user_name`, `update_user_id`, `update_user_name`, `created_at`, `updated_at`, `status`) VALUES (6073205756334080, 6073195224961024, 'DM', NULL, NULL, 'SYSTEM_ADMIN', '超级管理员', 'SYSTEM_ADMIN', '超级管理员', '2025-11-20 15:33:48', '2025-11-20 15:33:48', 'active');
INSERT INTO `alert_strategy_notice` (`id`, `alert_strategy_id`, `notice_type`, `notice_object_code`, `notice_object_type`, `created_user_id`, `created_user_name`, `update_user_id`, `update_user_name`, `created_at`, `updated_at`, `status`) VALUES (6073206223998976, 6048037203152896, 'DM', NULL, NULL, 'SYSTEM_ADMIN', '超级管理员', 'SYSTEM_ADMIN', '超级管理员', '2025-11-20 15:33:52', '2025-11-20 15:33:52', 'active');
INSERT INTO `alert_strategy_notice` (`id`, `alert_strategy_id`, `notice_type`, `notice_object_code`, `notice_object_type`, `created_user_id`, `created_user_name`, `update_user_id`, `update_user_name`, `created_at`, `updated_at`, `status`) VALUES (6073206631501824, 5925052441628672, 'DM', NULL, NULL, 'SYSTEM_ADMIN', '超级管理员', 'SYSTEM_ADMIN', '超级管理员', '2025-11-20 15:33:55', '2025-11-20 08:49:21', 'delete');
INSERT INTO `alert_strategy_notice` (`id`, `alert_strategy_id`, `notice_type`, `notice_object_code`, `notice_object_type`, `created_user_id`, `created_user_name`, `update_user_id`, `update_user_name`, `created_at`, `updated_at`, `status`) VALUES (6073207092350976, 1, 'DM', '[\"admin\", \"safety_manager\"]', '联系人', 'SYSTEM_ADMIN', '超级管理员', 'SYSTEM_ADMIN', '超级管理员', '2025-11-20 15:33:58', '2025-11-20 15:33:58', 'active');
INSERT INTO `alert_strategy_notice` (`id`, `alert_strategy_id`, `notice_type`, `notice_object_code`, `notice_object_type`, `created_user_id`, `created_user_name`, `update_user_id`, `update_user_name`, `created_at`, `updated_at`, `status`) VALUES (6073207110701056, 1, 'SMS', '[\"10\"]', 'person_info', 'SYSTEM_ADMIN', '超级管理员', 'SYSTEM_ADMIN', '超级管理员', '2025-11-20 15:33:58', '2025-11-20 15:33:58', 'active');
INSERT INTO `alert_strategy_notice` (`id`, `alert_strategy_id`, `notice_type`, `notice_object_code`, `notice_object_type`, `created_user_id`, `created_user_name`, `update_user_id`, `update_user_name`, `created_at`, `updated_at`, `status`) VALUES (6073213093220352, 6073213059272704, 'DM', NULL, NULL, 'SYSTEM_ADMIN', '超级管理员', 'SYSTEM_ADMIN', '超级管理员', '2025-11-20 15:34:44', '2025-11-20 15:34:44', 'active');
INSERT INTO `alert_strategy_notice` (`id`, `alert_strategy_id`, `notice_type`, `notice_object_code`, `notice_object_type`, `created_user_id`, `created_user_name`, `update_user_id`, `update_user_name`, `created_at`, `updated_at`, `status`) VALUES (6073271930523648, 6073271912566784, 'DM', NULL, NULL, 'SYSTEM_ADMIN', '超级管理员', 'SYSTEM_ADMIN', '超级管理员', '2025-11-20 15:42:13', '2025-11-20 07:42:26', 'delete');
INSERT INTO `alert_strategy_notice` (`id`, `alert_strategy_id`, `notice_type`, `notice_object_code`, `notice_object_type`, `created_user_id`, `created_user_name`, `update_user_id`, `update_user_name`, `created_at`, `updated_at`, `status`) VALUES (6073273698160640, 6073271912566784, 'DM', NULL, NULL, 'SYSTEM_ADMIN', '超级管理员', 'SYSTEM_ADMIN', '超级管理员', '2025-11-20 15:42:26', '2025-11-20 15:42:26', 'active');
INSERT INTO `alert_strategy_notice` (`id`, `alert_strategy_id`, `notice_type`, `notice_object_code`, `notice_object_type`, `created_user_id`, `created_user_name`, `update_user_id`, `update_user_name`, `created_at`, `updated_at`, `status`) VALUES (6073799913312256, 5925052441628672, 'DM', NULL, NULL, 'SYSTEM_ADMIN', '超级管理员', 'SYSTEM_ADMIN', '超级管理员', '2025-11-20 16:49:21', '2025-11-20 11:06:41', 'delete');
INSERT INTO `alert_strategy_notice` (`id`, `alert_strategy_id`, `notice_type`, `notice_object_code`, `notice_object_type`, `created_user_id`, `created_user_name`, `update_user_id`, `update_user_name`, `created_at`, `updated_at`, `status`) VALUES (6073803379118080, 2, 'DM', '[\"admin\", \"operation_manager\"]', '联系人', 'SYSTEM_ADMIN', '超级管理员', 'SYSTEM_ADMIN', '超级管理员', '2025-11-20 16:49:48', '2025-11-20 16:49:48', 'active');
INSERT INTO `alert_strategy_notice` (`id`, `alert_strategy_id`, `notice_type`, `notice_object_code`, `notice_object_type`, `created_user_id`, `created_user_name`, `update_user_id`, `update_user_name`, `created_at`, `updated_at`, `status`) VALUES (6073803383443456, 2, 'SMS', NULL, NULL, 'SYSTEM_ADMIN', '超级管理员', 'SYSTEM_ADMIN', '超级管理员', '2025-11-20 16:49:48', '2025-11-20 16:49:48', 'active');
INSERT INTO `alert_strategy_notice` (`id`, `alert_strategy_id`, `notice_type`, `notice_object_code`, `notice_object_type`, `created_user_id`, `created_user_name`, `update_user_id`, `update_user_name`, `created_at`, `updated_at`, `status`) VALUES (6073803925164032, 5, 'SMS', NULL, NULL, 'SYSTEM_ADMIN', '超级管理员', 'SYSTEM_ADMIN', '超级管理员', '2025-11-20 16:49:52', '2025-11-20 16:49:52', 'active');
INSERT INTO `alert_strategy_notice` (`id`, `alert_strategy_id`, `notice_type`, `notice_object_code`, `notice_object_type`, `created_user_id`, `created_user_name`, `update_user_id`, `update_user_name`, `created_at`, `updated_at`, `status`) VALUES (6074879962976256, 5925052441628672, 'DM', NULL, NULL, 'SYSTEM_ADMIN', '超级管理员', 'SYSTEM_ADMIN', '超级管理员', '2025-11-20 19:06:41', '2025-11-21 11:41:16', 'delete');
INSERT INTO `alert_strategy_notice` (`id`, `alert_strategy_id`, `notice_type`, `notice_object_code`, `notice_object_type`, `created_user_id`, `created_user_name`, `update_user_id`, `update_user_name`, `created_at`, `updated_at`, `status`) VALUES (6086476549787648, 5925052441628672, 'DM', NULL, NULL, 'SYSTEM_ADMIN', '超级管理员', 'SYSTEM_ADMIN', '超级管理员', '2025-11-21 19:41:16', '2025-11-21 19:41:16', 'active');
INSERT INTO `alert_strategy_notice` (`id`, `alert_strategy_id`, `notice_type`, `notice_object_code`, `notice_object_type`, `created_user_id`, `created_user_name`, `update_user_id`, `update_user_name`, `created_at`, `updated_at`, `status`) VALUES (6086478211387392, 6086478193430528, 'SMS', NULL, NULL, 'SYSTEM_ADMIN', '超级管理员', 'SYSTEM_ADMIN', '超级管理员', '2025-11-21 19:41:29', '2025-11-21 11:45:17', 'delete');
INSERT INTO `alert_strategy_notice` (`id`, `alert_strategy_id`, `notice_type`, `notice_object_code`, `notice_object_type`, `created_user_id`, `created_user_name`, `update_user_id`, `update_user_name`, `created_at`, `updated_at`, `status`) VALUES (6086508120576000, 6086478193430528, 'SMS', NULL, NULL, 'SYSTEM_ADMIN', '超级管理员', 'SYSTEM_ADMIN', '超级管理员', '2025-11-21 19:45:17', '2025-11-21 11:45:24', 'delete');
INSERT INTO `alert_strategy_notice` (`id`, `alert_strategy_id`, `notice_type`, `notice_object_code`, `notice_object_type`, `created_user_id`, `created_user_name`, `update_user_id`, `update_user_name`, `created_at`, `updated_at`, `status`) VALUES (6086509133369344, 6086478193430528, 'SMS', NULL, NULL, 'SYSTEM_ADMIN', '超级管理员', 'SYSTEM_ADMIN', '超级管理员', '2025-11-21 19:45:25', '2025-11-21 11:45:33', 'delete');
INSERT INTO `alert_strategy_notice` (`id`, `alert_strategy_id`, `notice_type`, `notice_object_code`, `notice_object_type`, `created_user_id`, `created_user_name`, `update_user_id`, `update_user_name`, `created_at`, `updated_at`, `status`) VALUES (6086510287851520, 6086478193430528, 'SMS', NULL, NULL, 'SYSTEM_ADMIN', '超级管理员', 'SYSTEM_ADMIN', '超级管理员', '2025-11-21 19:45:34', '2025-11-21 11:59:11', 'delete');
INSERT INTO `alert_strategy_notice` (`id`, `alert_strategy_id`, `notice_type`, `notice_object_code`, `notice_object_type`, `created_user_id`, `created_user_name`, `update_user_id`, `update_user_name`, `created_at`, `updated_at`, `status`) VALUES (6086617530044416, 6086478193430528, 'SMS', NULL, NULL, 'SYSTEM_ADMIN', '超级管理员', 'SYSTEM_ADMIN', '超级管理员', '2025-11-21 19:59:12', '2025-11-21 19:59:12', 'active');
COMMIT;

-- ----------------------------
-- Table structure for alert_strategy_rule
-- ----------------------------
DROP TABLE IF EXISTS `alert_strategy_rule`;
CREATE TABLE `alert_strategy_rule` (
  `id` bigint(20) NOT NULL AUTO_INCREMENT COMMENT '主键ID',
  `name` varchar(100) NOT NULL COMMENT '告警规则名称',
  `created_user_id` varchar(50) DEFAULT NULL COMMENT '创建人ID标识',
  `created_user_name` varchar(100) DEFAULT NULL COMMENT '创建人名称',
  `update_user_id` varchar(50) DEFAULT NULL COMMENT '修改人ID标识',
  `update_user_name` varchar(100) DEFAULT NULL COMMENT '修改人名称',
  `created_at` datetime DEFAULT CURRENT_TIMESTAMP COMMENT '创建时间',
  `updated_at` datetime DEFAULT CURRENT_TIMESTAMP ON UPDATE CURRENT_TIMESTAMP COMMENT '更新时间',
  `status` varchar(20) DEFAULT 'active' COMMENT '状态（active-正常，delete-已删除）',
  PRIMARY KEY (`id`),
  KEY `idx_status` (`status`)
) ENGINE=InnoDB AUTO_INCREMENT=7 DEFAULT CHARSET=utf8mb4 COMMENT='告警规则策略表';

-- ----------------------------
-- Records of alert_strategy_rule
-- ----------------------------
BEGIN;
INSERT INTO `alert_strategy_rule` (`id`, `name`, `created_user_id`, `created_user_name`, `update_user_id`, `update_user_name`, `created_at`, `updated_at`, `status`) VALUES (1, '立即触发规则', 'SYSTEM_ADMIN', '超级管理员', 'SYSTEM_ADMIN', '超级管理员', '2025-11-06 12:42:12', '2025-11-06 12:42:50', 'active');
INSERT INTO `alert_strategy_rule` (`id`, `name`, `created_user_id`, `created_user_name`, `update_user_id`, `update_user_name`, `created_at`, `updated_at`, `status`) VALUES (2, '持续5分钟触发规则', 'SYSTEM_ADMIN', '超级管理员', 'SYSTEM_ADMIN', '超级管理员', '2025-11-06 12:42:12', '2025-11-06 12:42:50', 'active');
INSERT INTO `alert_strategy_rule` (`id`, `name`, `created_user_id`, `created_user_name`, `update_user_id`, `update_user_name`, `created_at`, `updated_at`, `status`) VALUES (3, '持续10分钟触发规则', 'SYSTEM_ADMIN', '超级管理员', 'SYSTEM_ADMIN', '超级管理员', '2025-11-06 12:42:12', '2025-11-06 12:42:50', 'active');
INSERT INTO `alert_strategy_rule` (`id`, `name`, `created_user_id`, `created_user_name`, `update_user_id`, `update_user_name`, `created_at`, `updated_at`, `status`) VALUES (4, '持续15分钟触发规则', 'SYSTEM_ADMIN', '超级管理员', 'SYSTEM_ADMIN', '超级管理员', '2025-11-06 12:42:12', '2025-11-06 12:42:50', 'active');
INSERT INTO `alert_strategy_rule` (`id`, `name`, `created_user_id`, `created_user_name`, `update_user_id`, `update_user_name`, `created_at`, `updated_at`, `status`) VALUES (5, '持续30分钟触发规则', 'SYSTEM_ADMIN', '超级管理员', 'SYSTEM_ADMIN', '超级管理员', '2025-11-06 12:42:12', '2025-11-06 12:42:50', 'active');
INSERT INTO `alert_strategy_rule` (`id`, `name`, `created_user_id`, `created_user_name`, `update_user_id`, `update_user_name`, `created_at`, `updated_at`, `status`) VALUES (6, '累计3次触发规则', 'SYSTEM_ADMIN', '超级管理员', 'SYSTEM_ADMIN', '超级管理员', '2025-11-06 12:42:12', '2025-11-06 12:42:50', 'active');
COMMIT;

-- ----------------------------
-- Table structure for alert_type
-- ----------------------------
DROP TABLE IF EXISTS `alert_type`;
CREATE TABLE `alert_type` (
  `id` bigint(20) NOT NULL AUTO_INCREMENT COMMENT '主键ID',
  `type_name` varchar(100) NOT NULL COMMENT '告警类型名称',
  `type_code` varchar(50) NOT NULL COMMENT '告警类型编码（如：A_SAFE_01）',
  `parent_id` bigint(20) DEFAULT '0' COMMENT '父主键ID',
  `icon` varchar(200) DEFAULT NULL COMMENT '类型图标',
  `sort_num` int(11) DEFAULT '0' COMMENT '排序序号',
  `remark` varchar(500) DEFAULT NULL COMMENT '备注说明',
  `created_user_id` varchar(50) DEFAULT NULL COMMENT '创建人ID标识',
  `created_user_name` varchar(100) DEFAULT NULL COMMENT '创建人名称',
  `update_user_id` varchar(50) DEFAULT NULL COMMENT '修改人ID标识',
  `update_user_name` varchar(100) DEFAULT NULL COMMENT '修改人名称',
  `created_at` datetime DEFAULT CURRENT_TIMESTAMP COMMENT '创建时间',
  `updated_at` datetime DEFAULT CURRENT_TIMESTAMP ON UPDATE CURRENT_TIMESTAMP COMMENT '更新时间',
  `status` varchar(20) DEFAULT 'active' COMMENT '状态（active-正常，delete-已删除）',
  PRIMARY KEY (`id`),
  UNIQUE KEY `uk_type_code` (`type_code`,`type_name`) USING BTREE,
  KEY `idx_parent_id` (`parent_id`),
  KEY `idx_sort_num` (`sort_num`),
  KEY `idx_status` (`status`)
) ENGINE=InnoDB AUTO_INCREMENT=6086861492785153 DEFAULT CHARSET=utf8mb4 COMMENT='告警类型表';

-- ----------------------------
-- Records of alert_type
-- ----------------------------
BEGIN;
INSERT INTO `alert_type` (`id`, `type_name`, `type_code`, `parent_id`, `icon`, `sort_num`, `remark`, `created_user_id`, `created_user_name`, `update_user_id`, `update_user_name`, `created_at`, `updated_at`, `status`) VALUES (1, '安全告警', 'A_SAFE', 0, 'Footprints', 1, '安全相关告警', 'SYSTEM_ADMIN', '超级管理员', 'SYSTEM_ADMIN', '超级管理员', '2025-11-06 12:42:12', '2025-11-18 14:23:14', 'delete');
INSERT INTO `alert_type` (`id`, `type_name`, `type_code`, `parent_id`, `icon`, `sort_num`, `remark`, `created_user_id`, `created_user_name`, `update_user_id`, `update_user_name`, `created_at`, `updated_at`, `status`) VALUES (2, '边界入侵', 'A_SAFE_01', 1, 'Wind', 1, '船舶边界入侵告警', 'SYSTEM_ADMIN', '超级管理员', 'SYSTEM_ADMIN', '超级管理员', '2025-11-06 12:42:12', '2025-11-18 14:23:14', 'delete');
INSERT INTO `alert_type` (`id`, `type_name`, `type_code`, `parent_id`, `icon`, `sort_num`, `remark`, `created_user_id`, `created_user_name`, `update_user_id`, `update_user_name`, `created_at`, `updated_at`, `status`) VALUES (3, '超时停留', 'A_SAFE_02', 1, 'Wind', 2, '船舶超时停留告警', 'SYSTEM_ADMIN', '超级管理员', 'SYSTEM_ADMIN', '超级管理员', '2025-11-06 12:42:12', '2025-11-18 14:23:14', 'delete');
INSERT INTO `alert_type` (`id`, `type_name`, `type_code`, `parent_id`, `icon`, `sort_num`, `remark`, `created_user_id`, `created_user_name`, `update_user_id`, `update_user_name`, `created_at`, `updated_at`, `status`) VALUES (4, '气象告警', 'A_WEATHER', 0, 'Wind', 2, '气象相关告警', 'SYSTEM_ADMIN', '超级管理员', 'SYSTEM_ADMIN', '超级管理员', '2025-11-06 12:42:12', '2025-11-21 20:29:50', 'active');
INSERT INTO `alert_type` (`id`, `type_name`, `type_code`, `parent_id`, `icon`, `sort_num`, `remark`, `created_user_id`, `created_user_name`, `update_user_id`, `update_user_name`, `created_at`, `updated_at`, `status`) VALUES (5, '风速告警', 'A_WEATHER_01', 4, 'Wind', 1, '风速超标告警', 'SYSTEM_ADMIN', '超级管理员', 'SYSTEM_ADMIN', '超级管理员', '2025-11-06 12:42:12', '2025-11-20 19:06:29', 'active');
INSERT INTO `alert_type` (`id`, `type_name`, `type_code`, `parent_id`, `icon`, `sort_num`, `remark`, `created_user_id`, `created_user_name`, `update_user_id`, `update_user_name`, `created_at`, `updated_at`, `status`) VALUES (6, '浪高告警', 'A_WEATHER_02', 4, 'Wind', 2, '浪高超标告警', 'SYSTEM_ADMIN', '超级管理员', 'SYSTEM_ADMIN', '超级管理员', '2025-11-06 12:42:12', '2025-11-06 12:58:56', 'active');
INSERT INTO `alert_type` (`id`, `type_name`, `type_code`, `parent_id`, `icon`, `sort_num`, `remark`, `created_user_id`, `created_user_name`, `update_user_id`, `update_user_name`, `created_at`, `updated_at`, `status`) VALUES (7, '设备告警', 'A_SAFE_06', 0, 'Volume2', 3, '设备相关告警', 'SYSTEM_ADMIN', '超级管理员', 'SYSTEM_ADMIN', '超级管理员', '2025-11-06 12:42:12', '2025-11-18 10:11:56', 'active');
INSERT INTO `alert_type` (`id`, `type_name`, `type_code`, `parent_id`, `icon`, `sort_num`, `remark`, `created_user_id`, `created_user_name`, `update_user_id`, `update_user_name`, `created_at`, `updated_at`, `status`) VALUES (8, '设备故障', 'A_DEVICE_01', 7, 'Wind', 1, '设备故障告警', 'SYSTEM_ADMIN', '超级管理员', 'SYSTEM_ADMIN', '超级管理员', '2025-11-06 12:42:12', '2025-11-06 12:58:56', 'active');
INSERT INTO `alert_type` (`id`, `type_name`, `type_code`, `parent_id`, `icon`, `sort_num`, `remark`, `created_user_id`, `created_user_name`, `update_user_id`, `update_user_name`, `created_at`, `updated_at`, `status`) VALUES (9, '设备离线', 'A_DEVICE_02', 7, 'Wind', 2, '设备离线告警', 'SYSTEM_ADMIN', '超级管理员', 'SYSTEM_ADMIN', '超级管理员', '2025-11-06 12:42:12', '2025-11-20 16:47:05', 'active');
INSERT INTO `alert_type` (`id`, `type_name`, `type_code`, `parent_id`, `icon`, `sort_num`, `remark`, `created_user_id`, `created_user_name`, `update_user_id`, `update_user_name`, `created_at`, `updated_at`, `status`) VALUES (10, '人员告警', 'A_PERSON', 0, 'Wind', 4, '人员相关告警', 'SYSTEM_ADMIN', '超级管理员', 'SYSTEM_ADMIN', '超级管理员', '2025-11-06 12:42:12', '2025-11-06 12:58:56', 'active');
INSERT INTO `alert_type` (`id`, `type_name`, `type_code`, `parent_id`, `icon`, `sort_num`, `remark`, `created_user_id`, `created_user_name`, `update_user_id`, `update_user_name`, `created_at`, `updated_at`, `status`) VALUES (11, '人员超员', 'A_PERSON_01', 10, 'Wind', 1, '船舶人员超员告警', 'SYSTEM_ADMIN', '超级管理员', 'SYSTEM_ADMIN', '超级管理员', '2025-11-06 12:42:12', '2025-11-06 12:58:56', 'active');
INSERT INTO `alert_type` (`id`, `type_name`, `type_code`, `parent_id`, `icon`, `sort_num`, `remark`, `created_user_id`, `created_user_name`, `update_user_id`, `update_user_name`, `created_at`, `updated_at`, `status`) VALUES (12, '能见度告警', 'A_WEATHER_03', 4, 'Wind', 3, '能见度过低告警', 'SYSTEM_ADMIN', '超级管理员', 'SYSTEM_ADMIN', '超级管理员', '2025-11-06 12:42:12', '2025-11-06 12:58:56', 'active');
INSERT INTO `alert_type` (`id`, `type_name`, `type_code`, `parent_id`, `icon`, `sort_num`, `remark`, `created_user_id`, `created_user_name`, `update_user_id`, `update_user_name`, `created_at`, `updated_at`, `status`) VALUES (6049999494647808, '风场区域软边告警', 'A_SAFE_08', 0, 'Cigarette', 0, NULL, 'SYSTEM_ADMIN', '超级管理员', 'SYSTEM_ADMIN', '超级管理员', '2025-11-18 14:22:58', '2025-11-20 16:47:08', 'active');
INSERT INTO `alert_type` (`id`, `type_name`, `type_code`, `parent_id`, `icon`, `sort_num`, `remark`, `created_user_id`, `created_user_name`, `update_user_id`, `update_user_name`, `created_at`, `updated_at`, `status`) VALUES (6086714351882240, '12312', 'A_SAFE_03', 0, 'Wind', 0, '213', 'SYSTEM_ADMIN', '超级管理员', 'SYSTEM_ADMIN', '超级管理员', '2025-11-21 20:11:31', '2025-11-21 20:11:31', 'active');
INSERT INTO `alert_type` (`id`, `type_name`, `type_code`, `parent_id`, `icon`, `sort_num`, `remark`, `created_user_id`, `created_user_name`, `update_user_id`, `update_user_name`, `created_at`, `updated_at`, `status`) VALUES (6086721189515264, '设备离线', 'A_SAFE_07', 0, 'Wind', 0, '测试测试', 'SYSTEM_ADMIN', '超级管理员', 'SYSTEM_ADMIN', '超级管理员', '2025-11-21 20:12:23', '2025-11-21 20:12:23', 'active');
INSERT INTO `alert_type` (`id`, `type_name`, `type_code`, `parent_id`, `icon`, `sort_num`, `remark`, `created_user_id`, `created_user_name`, `update_user_id`, `update_user_name`, `created_at`, `updated_at`, `status`) VALUES (6086796809539584, '12312', 'A_SAFE_02', 0, 'Wind', 0, '123', 'SYSTEM_ADMIN', '超级管理员', 'SYSTEM_ADMIN', '超级管理员', '2025-11-21 20:22:00', '2025-11-21 20:22:00', 'active');
INSERT INTO `alert_type` (`id`, `type_name`, `type_code`, `parent_id`, `icon`, `sort_num`, `remark`, `created_user_id`, `created_user_name`, `update_user_id`, `update_user_name`, `created_at`, `updated_at`, `status`) VALUES (6086797602787328, '气象告警', 'A_SAFE_01', 0, 'Wind', 0, NULL, 'SYSTEM_ADMIN', '超级管理员', 'SYSTEM_ADMIN', '超级管理员', '2025-11-21 20:22:06', '2025-11-21 20:22:06', 'active');
INSERT INTO `alert_type` (`id`, `type_name`, `type_code`, `parent_id`, `icon`, `sort_num`, `remark`, `created_user_id`, `created_user_name`, `update_user_id`, `update_user_name`, `created_at`, `updated_at`, `status`) VALUES (6086838056194048, '气象告警', 'A_SAFE_02', 0, 'Wind', 0, NULL, 'SYSTEM_ADMIN', '超级管理员', 'SYSTEM_ADMIN', '超级管理员', '2025-11-21 20:27:14', '2025-11-21 20:27:14', 'active');
INSERT INTO `alert_type` (`id`, `type_name`, `type_code`, `parent_id`, `icon`, `sort_num`, `remark`, `created_user_id`, `created_user_name`, `update_user_id`, `update_user_name`, `created_at`, `updated_at`, `status`) VALUES (6086849625526272, '风场区域软边告警', 'A_SAFE_03', 0, 'WavesLadder', 0, '434343', 'SYSTEM_ADMIN', '超级管理员', 'SYSTEM_ADMIN', '超级管理员', '2025-11-21 20:28:43', '2025-11-21 20:28:43', 'active');
INSERT INTO `alert_type` (`id`, `type_name`, `type_code`, `parent_id`, `icon`, `sort_num`, `remark`, `created_user_id`, `created_user_name`, `update_user_id`, `update_user_name`, `created_at`, `updated_at`, `status`) VALUES (6086861492785152, '请我吃点饭去', 'A_SAFE_01', 0, 'Wind', 0, NULL, 'SYSTEM_ADMIN', '超级管理员', 'SYSTEM_ADMIN', '超级管理员', '2025-11-21 20:30:13', '2025-11-21 20:30:35', 'delete');
COMMIT;

-- ----------------------------
-- Table structure for onshore_work
-- ----------------------------
DROP TABLE IF EXISTS `onshore_work`;
CREATE TABLE `onshore_work` (
  `id` bigint(16) NOT NULL COMMENT '主键ID',
  `start_time` timestamp NOT NULL DEFAULT CURRENT_TIMESTAMP COMMENT '开始时间',
  `end_time` timestamp NOT NULL DEFAULT CURRENT_TIMESTAMP ON UPDATE CURRENT_TIMESTAMP COMMENT '结束时间',
  `work_person` int(20) DEFAULT '0' COMMENT '作业总人数',
  `work_content` text COMMENT '作业内容',
  `work_status` varchar(64) DEFAULT 'Pending' COMMENT '作业状态',
  `remark` varchar(256) DEFAULT NULL COMMENT '备注',
  `created_user_id` varchar(64) DEFAULT NULL COMMENT '创建人ID标识',
  `created_user_name` varchar(128) DEFAULT NULL COMMENT '创建人名称',
  `update_user_id` varchar(64) DEFAULT NULL COMMENT '修改人ID标识',
  `update_user_name` varchar(128) DEFAULT NULL COMMENT '修改人名称',
  `created_at` timestamp NOT NULL DEFAULT CURRENT_TIMESTAMP COMMENT '创建时间',
  `updated_at` timestamp NOT NULL DEFAULT CURRENT_TIMESTAMP ON UPDATE CURRENT_TIMESTAMP COMMENT '更新时间',
  `status` varchar(8) DEFAULT 'active' COMMENT '状态：delete已删除、active未删除',
  PRIMARY KEY (`id`)
) ENGINE=InnoDB DEFAULT CHARSET=utf8mb4 COMMENT='陆上作业';

-- ----------------------------
-- Records of onshore_work
-- ----------------------------
BEGIN;
INSERT INTO `onshore_work` (`id`, `start_time`, `end_time`, `work_person`, `work_content`, `work_status`, `remark`, `created_user_id`, `created_user_name`, `update_user_id`, `update_user_name`, `created_at`, `updated_at`, `status`) VALUES (1, '2025-11-01 00:00:00', '2025-11-06 00:00:00', 15, '风机基础设施检修', 'Processed', '已完成检修工作', 'SYSTEM_ADMIN', '超级管理员', 'SYSTEM_ADMIN', '超级管理员', '2025-11-06 12:42:12', '2025-11-20 18:54:58', 'active');
INSERT INTO `onshore_work` (`id`, `start_time`, `end_time`, `work_person`, `work_content`, `work_status`, `remark`, `created_user_id`, `created_user_name`, `update_user_id`, `update_user_name`, `created_at`, `updated_at`, `status`) VALUES (2, '2025-11-04 00:00:00', '2025-11-06 00:00:00', 20, '海缆敷设作业', 'Processing', '正在进行中', 'SYSTEM_ADMIN', '超级管理员', 'SYSTEM_ADMIN', '超级管理员', '2025-11-06 12:42:12', '2025-11-21 20:05:00', 'active');
INSERT INTO `onshore_work` (`id`, `start_time`, `end_time`, `work_person`, `work_content`, `work_status`, `remark`, `created_user_id`, `created_user_name`, `update_user_id`, `update_user_name`, `created_at`, `updated_at`, `status`) VALUES (3, '2025-11-07 00:00:00', '2025-11-06 00:00:00', 12, '升压站设备维护', 'Pending', '计划中的维护工作', 'SYSTEM_ADMIN', '超级管理员', 'SYSTEM_ADMIN', '超级管理员', '2025-11-06 12:42:12', '2025-11-20 18:55:16', 'active');
INSERT INTO `onshore_work` (`id`, `start_time`, `end_time`, `work_person`, `work_content`, `work_status`, `remark`, `created_user_id`, `created_user_name`, `update_user_id`, `update_user_name`, `created_at`, `updated_at`, `status`) VALUES (4, '2025-11-05 00:00:00', '2025-11-06 13:13:22', 8, '应急演练', 'Processed', '安全应急演练已完成', 'SYSTEM_ADMIN', '超级管理员', 'SYSTEM_ADMIN', '超级管理员', '2025-11-06 12:42:12', '2025-11-06 13:13:22', 'active');
INSERT INTO `onshore_work` (`id`, `start_time`, `end_time`, `work_person`, `work_content`, `work_status`, `remark`, `created_user_id`, `created_user_name`, `update_user_id`, `update_user_name`, `created_at`, `updated_at`, `status`) VALUES (6048377261461504, '2025-11-08 00:00:00', '2025-11-18 02:58:37', 0, NULL, 'Pending', NULL, 'SYSTEM_ADMIN', '超级管理员', 'SYSTEM_ADMIN', '超级管理员', '2025-11-18 10:56:42', '2025-11-18 10:58:38', 'delete');
INSERT INTO `onshore_work` (`id`, `start_time`, `end_time`, `work_person`, `work_content`, `work_status`, `remark`, `created_user_id`, `created_user_name`, `update_user_id`, `update_user_name`, `created_at`, `updated_at`, `status`) VALUES (6048380703281152, '2025-11-03 00:00:00', '2025-11-18 02:58:37', 0, '', 'Pending', NULL, 'SYSTEM_ADMIN', '超级管理员', 'SYSTEM_ADMIN', '超级管理员', '2025-11-18 10:57:08', '2025-11-18 10:58:38', 'delete');
INSERT INTO `onshore_work` (`id`, `start_time`, `end_time`, `work_person`, `work_content`, `work_status`, `remark`, `created_user_id`, `created_user_name`, `update_user_id`, `update_user_name`, `created_at`, `updated_at`, `status`) VALUES (6048402911203328, '2025-11-04 00:00:00', '2025-11-18 03:00:07', 0, '1', 'Pending', NULL, 'SYSTEM_ADMIN', '超级管理员', 'SYSTEM_ADMIN', '超级管理员', '2025-11-18 10:59:57', '2025-11-18 11:00:07', 'delete');
INSERT INTO `onshore_work` (`id`, `start_time`, `end_time`, `work_person`, `work_content`, `work_status`, `remark`, `created_user_id`, `created_user_name`, `update_user_id`, `update_user_name`, `created_at`, `updated_at`, `status`) VALUES (6048421659086848, '2025-11-06 00:00:00', '2025-11-18 03:05:48', 0, '1', 'Pending', NULL, 'SYSTEM_ADMIN', '超级管理员', 'SYSTEM_ADMIN', '超级管理员', '2025-11-18 11:02:20', '2025-11-18 11:05:49', 'delete');
INSERT INTO `onshore_work` (`id`, `start_time`, `end_time`, `work_person`, `work_content`, `work_status`, `remark`, `created_user_id`, `created_user_name`, `update_user_id`, `update_user_name`, `created_at`, `updated_at`, `status`) VALUES (6048447602561024, '2025-11-04 00:00:00', '2025-11-18 03:05:48', 0, '1', 'Pending', '1', 'SYSTEM_ADMIN', '超级管理员', 'SYSTEM_ADMIN', '超级管理员', '2025-11-18 11:05:38', '2025-11-18 11:05:49', 'delete');
INSERT INTO `onshore_work` (`id`, `start_time`, `end_time`, `work_person`, `work_content`, `work_status`, `remark`, `created_user_id`, `created_user_name`, `update_user_id`, `update_user_name`, `created_at`, `updated_at`, `status`) VALUES (6072597886078976, '2025-11-20 00:00:00', '2025-11-28 00:00:00', 0, '风电维修', 'Pending', '34', 'SYSTEM_ADMIN', '超级管理员', 'SYSTEM_ADMIN', '超级管理员', '2025-11-20 14:16:30', '2025-11-21 19:58:12', 'active');
INSERT INTO `onshore_work` (`id`, `start_time`, `end_time`, `work_person`, `work_content`, `work_status`, `remark`, `created_user_id`, `created_user_name`, `update_user_id`, `update_user_name`, `created_at`, `updated_at`, `status`) VALUES (6073980616511488, '2025-11-09 00:00:00', '2025-11-20 09:12:59', 0, '11', 'Pending', '11', 'SYSTEM_ADMIN', '超级管理员', 'SYSTEM_ADMIN', '超级管理员', '2025-11-20 17:12:20', '2025-11-20 17:12:59', 'delete');
INSERT INTO `onshore_work` (`id`, `start_time`, `end_time`, `work_person`, `work_content`, `work_status`, `remark`, `created_user_id`, `created_user_name`, `update_user_id`, `update_user_name`, `created_at`, `updated_at`, `status`) VALUES (6086209122406400, '2025-11-22 00:00:00', '2025-11-21 11:11:26', 0, '1', 'Pending', '1', 'SYSTEM_ADMIN', '超级管理员', 'SYSTEM_ADMIN', '超级管理员', '2025-11-21 19:07:16', '2025-11-21 19:11:26', 'delete');
INSERT INTO `onshore_work` (`id`, `start_time`, `end_time`, `work_person`, `work_content`, `work_status`, `remark`, `created_user_id`, `created_user_name`, `update_user_id`, `update_user_name`, `created_at`, `updated_at`, `status`) VALUES (6086740186304512, '2025-11-21 00:00:00', '2025-11-21 12:31:09', 0, '测试测试', 'Pending', '备注备注', 'SYSTEM_ADMIN', '超级管理员', 'SYSTEM_ADMIN', '超级管理员', '2025-11-21 20:14:48', '2025-11-21 20:31:10', 'delete');
COMMIT;

-- ----------------------------
-- Table structure for person_action_record
-- ----------------------------
DROP TABLE IF EXISTS `person_action_record`;
CREATE TABLE `person_action_record` (
  `id` bigint(20) NOT NULL AUTO_INCREMENT COMMENT '主键ID',
  `person_account` varchar(50) NOT NULL COMMENT '人员账号',
  `person_name` varchar(100) DEFAULT NULL COMMENT '人员姓名',
  `action_object_sign` varchar(100) NOT NULL COMMENT '行为对象标识',
  `action_object_name` varchar(100) DEFAULT NULL COMMENT '行为对象名称',
  `action_type_sign` varchar(50) NOT NULL COMMENT '行为对象类型标识',
  `action_type_name` varchar(100) DEFAULT NULL COMMENT '行为对象类型名称',
  `action_sign` varchar(50) NOT NULL COMMENT '行为标识',
  `action_name` varchar(100) DEFAULT NULL COMMENT '行为名称',
  `created_user_id` varchar(50) DEFAULT NULL COMMENT '创建人ID标识',
  `created_user_name` varchar(100) DEFAULT NULL COMMENT '创建人名称',
  `update_user_id` varchar(50) DEFAULT NULL COMMENT '修改人ID标识',
  `update_user_name` varchar(100) DEFAULT NULL COMMENT '修改人名称',
  `created_at` datetime DEFAULT CURRENT_TIMESTAMP COMMENT '创建时间',
  `updated_at` datetime DEFAULT CURRENT_TIMESTAMP ON UPDATE CURRENT_TIMESTAMP COMMENT '更新时间',
  `status` varchar(20) DEFAULT 'active' COMMENT '状态（active-正常，delete-已删除）',
  PRIMARY KEY (`id`),
  KEY `idx_person_account` (`person_account`),
  KEY `idx_action_object_sign` (`action_object_sign`),
  KEY `idx_action_type_sign` (`action_type_sign`),
  KEY `idx_action_sign` (`action_sign`),
  KEY `idx_created_at` (`created_at`),
  KEY `idx_status` (`status`)
) ENGINE=InnoDB AUTO_INCREMENT=6 DEFAULT CHARSET=utf8mb4 COMMENT='行为记录表';

-- ----------------------------
-- Records of person_action_record
-- ----------------------------
BEGIN;
INSERT INTO `person_action_record` (`id`, `person_account`, `person_name`, `action_object_sign`, `action_object_name`, `action_type_sign`, `action_type_name`, `action_sign`, `action_name`, `created_user_id`, `created_user_name`, `update_user_id`, `update_user_name`, `created_at`, `updated_at`, `status`) VALUES (1, 'admin', '张伟', '413568920', '海洋工程1号', 'vessel_info', '船舶信息', 'INITIAL_BOARD', '初始添加登船', 'SYSTEM_ADMIN', '超级管理员', 'SYSTEM_ADMIN', '超级管理员', '2025-11-06 12:42:12', '2025-11-18 10:02:55', 'active');
INSERT INTO `person_action_record` (`id`, `person_account`, `person_name`, `action_object_sign`, `action_object_name`, `action_type_sign`, `action_type_name`, `action_sign`, `action_name`, `created_user_id`, `created_user_name`, `update_user_id`, `update_user_name`, `created_at`, `updated_at`, `status`) VALUES (2, 'safety_manager', '李明', '413568921', '海洋运输2号', 'vessel_info', '船舶信息', 'INITIAL_BOARD', '初始添加登船', 'SYSTEM_ADMIN', '超级管理员', 'SYSTEM_ADMIN', '超级管理员', '2025-11-06 12:42:12', '2025-11-18 10:02:57', 'active');
INSERT INTO `person_action_record` (`id`, `person_account`, `person_name`, `action_object_sign`, `action_object_name`, `action_type_sign`, `action_type_name`, `action_sign`, `action_name`, `created_user_id`, `created_user_name`, `update_user_id`, `update_user_name`, `created_at`, `updated_at`, `status`) VALUES (3, 'operation_manager', '王芳', '1', '赵海涛', 'person_voyage_info', '出海人员', 'INITIAL_BOARD', '初始添加登船', 'SYSTEM_ADMIN', '超级管理员', 'SYSTEM_ADMIN', '超级管理员', '2025-11-06 12:42:12', '2025-11-18 10:02:59', 'active');
INSERT INTO `person_action_record` (`id`, `person_account`, `person_name`, `action_object_sign`, `action_object_name`, `action_type_sign`, `action_type_name`, `action_sign`, `action_name`, `created_user_id`, `created_user_name`, `update_user_id`, `update_user_name`, `created_at`, `updated_at`, `status`) VALUES (4, 'admin', '张伟', 'ALERT-20251105-001', '边界入侵告警', 'alert_record', '告警记录', 'INITIAL_BOARD', '初始添加登船', 'SYSTEM_ADMIN', '超级管理员', 'SYSTEM_ADMIN', '超级管理员', '2025-11-06 12:42:12', '2025-11-18 10:03:02', 'active');
INSERT INTO `person_action_record` (`id`, `person_account`, `person_name`, `action_object_sign`, `action_object_name`, `action_type_sign`, `action_type_name`, `action_sign`, `action_name`, `created_user_id`, `created_user_name`, `update_user_id`, `update_user_name`, `created_at`, `updated_at`, `status`) VALUES (5, 'vessel_captain', '陈杰', '413568920', '海洋工程1号', 'vessel_voyage_record', '出海记录', 'INITIAL_BOARD', '初始添加登船', 'SYSTEM_ADMIN', '超级管理员', 'SYSTEM_ADMIN', '超级管理员', '2025-11-06 12:42:12', '2025-11-18 10:03:04', 'active');
COMMIT;

-- ----------------------------
-- Table structure for person_group
-- ----------------------------
DROP TABLE IF EXISTS `person_group`;
CREATE TABLE `person_group` (
  `id` bigint(20) NOT NULL AUTO_INCREMENT COMMENT '主键ID',
  `group_name` varchar(100) NOT NULL COMMENT '分组名称',
  `group_code` varchar(50) NOT NULL COMMENT '分组编码',
  `group_desc` varchar(500) DEFAULT NULL COMMENT '分组描述',
  `created_user_id` varchar(50) DEFAULT NULL COMMENT '创建人ID标识',
  `created_user_name` varchar(100) DEFAULT NULL COMMENT '创建人名称',
  `update_user_id` varchar(50) DEFAULT NULL COMMENT '修改人ID标识',
  `update_user_name` varchar(100) DEFAULT NULL COMMENT '修改人名称',
  `created_at` datetime DEFAULT CURRENT_TIMESTAMP COMMENT '创建时间',
  `updated_at` datetime DEFAULT CURRENT_TIMESTAMP ON UPDATE CURRENT_TIMESTAMP COMMENT '更新时间',
  `status` varchar(20) DEFAULT 'active' COMMENT '状态（active-正常，delete-已删除）',
  PRIMARY KEY (`id`),
  UNIQUE KEY `uk_group_code` (`group_code`),
  KEY `idx_status` (`status`)
) ENGINE=InnoDB AUTO_INCREMENT=9 DEFAULT CHARSET=utf8mb4 COMMENT='分组管理表';

-- ----------------------------
-- Records of person_group
-- ----------------------------
BEGIN;
INSERT INTO `person_group` (`id`, `group_name`, `group_code`, `group_desc`, `created_user_id`, `created_user_name`, `update_user_id`, `update_user_name`, `created_at`, `updated_at`, `status`) VALUES (1, '应急响应组', 'emergency_group', '负责应急事件处理', 'SYSTEM_ADMIN', '超级管理员', 'SYSTEM_ADMIN', '超级管理员', '2025-11-06 12:42:12', '2025-11-06 12:42:51', 'active');
INSERT INTO `person_group` (`id`, `group_name`, `group_code`, `group_desc`, `created_user_id`, `created_user_name`, `update_user_id`, `update_user_name`, `created_at`, `updated_at`, `status`) VALUES (2, '气象监控组', 'weather_group', '负责气象监控和预警', 'SYSTEM_ADMIN', '超级管理员', 'SYSTEM_ADMIN', '超级管理员', '2025-11-06 12:42:12', '2025-11-06 12:42:51', 'active');
INSERT INTO `person_group` (`id`, `group_name`, `group_code`, `group_desc`, `created_user_id`, `created_user_name`, `update_user_id`, `update_user_name`, `created_at`, `updated_at`, `status`) VALUES (3, '安全巡检组', 'safety_group', '负责安全巡检工作', 'SYSTEM_ADMIN', '超级管理员', 'SYSTEM_ADMIN', '超级管理员', '2025-11-06 12:42:12', '2025-11-06 12:42:51', 'active');
INSERT INTO `person_group` (`id`, `group_name`, `group_code`, `group_desc`, `created_user_id`, `created_user_name`, `update_user_id`, `update_user_name`, `created_at`, `updated_at`, `status`) VALUES (4, '运营管理组', 'operation_group', '负责日常运营管理', 'SYSTEM_ADMIN', '超级管理员', 'SYSTEM_ADMIN', '超级管理员', '2025-11-06 12:42:12', '2025-11-06 12:42:51', 'active');
INSERT INTO `person_group` (`id`, `group_name`, `group_code`, `group_desc`, `created_user_id`, `created_user_name`, `update_user_id`, `update_user_name`, `created_at`, `updated_at`, `status`) VALUES (5, '技术支持组', 'tech_group', '负责技术支持和维护', 'SYSTEM_ADMIN', '超级管理员', 'SYSTEM_ADMIN', '超级管理员', '2025-11-06 12:42:12', '2025-11-06 12:42:51', 'active');
INSERT INTO `person_group` (`id`, `group_name`, `group_code`, `group_desc`, `created_user_id`, `created_user_name`, `update_user_id`, `update_user_name`, `created_at`, `updated_at`, `status`) VALUES (6, '后勤保障组', 'logistics_group', '负责后勤保障工作', 'SYSTEM_ADMIN', '超级管理员', 'SYSTEM_ADMIN', '超级管理员', '2025-11-06 12:42:12', '2025-11-06 12:42:51', 'active');
INSERT INTO `person_group` (`id`, `group_name`, `group_code`, `group_desc`, `created_user_id`, `created_user_name`, `update_user_id`, `update_user_name`, `created_at`, `updated_at`, `status`) VALUES (7, '质量管理组', 'quality_group', '负责质量管理和检查', 'SYSTEM_ADMIN', '超级管理员', 'SYSTEM_ADMIN', '超级管理员', '2025-11-06 12:42:12', '2025-11-06 12:42:51', 'active');
INSERT INTO `person_group` (`id`, `group_name`, `group_code`, `group_desc`, `created_user_id`, `created_user_name`, `update_user_id`, `update_user_name`, `created_at`, `updated_at`, `status`) VALUES (8, '数据分析组', 'data_group', '负责数据分析和报告', 'SYSTEM_ADMIN', '超级管理员', 'SYSTEM_ADMIN', '超级管理员', '2025-11-06 12:42:12', '2025-11-06 12:42:51', 'active');
COMMIT;

-- ----------------------------
-- Table structure for person_group_relation
-- ----------------------------
DROP TABLE IF EXISTS `person_group_relation`;
CREATE TABLE `person_group_relation` (
  `id` bigint(20) NOT NULL AUTO_INCREMENT COMMENT '主键ID',
  `person_id` bigint(20) NOT NULL COMMENT '联系人ID',
  `group_id` bigint(20) NOT NULL COMMENT '分组ID',
  `sort_num` int(11) DEFAULT '0' COMMENT '排序序号',
  `created_user_id` varchar(50) DEFAULT NULL COMMENT '创建人ID标识',
  `created_user_name` varchar(100) DEFAULT NULL COMMENT '创建人名称',
  `update_user_id` varchar(50) DEFAULT NULL COMMENT '修改人ID标识',
  `update_user_name` varchar(100) DEFAULT NULL COMMENT '修改人名称',
  `created_at` datetime DEFAULT CURRENT_TIMESTAMP COMMENT '创建时间',
  `updated_at` datetime DEFAULT CURRENT_TIMESTAMP ON UPDATE CURRENT_TIMESTAMP COMMENT '更新时间',
  `status` varchar(20) DEFAULT 'active' COMMENT '状态（active-正常，delete-已删除）',
  PRIMARY KEY (`id`),
  UNIQUE KEY `uk_person_group` (`person_id`,`group_id`),
  KEY `idx_group_id` (`group_id`),
  KEY `idx_status` (`status`)
) ENGINE=InnoDB AUTO_INCREMENT=8 DEFAULT CHARSET=utf8mb4 COMMENT='人员分组关系表';

-- ----------------------------
-- Records of person_group_relation
-- ----------------------------
BEGIN;
INSERT INTO `person_group_relation` (`id`, `person_id`, `group_id`, `sort_num`, `created_user_id`, `created_user_name`, `update_user_id`, `update_user_name`, `created_at`, `updated_at`, `status`) VALUES (1, 1, 1, 1, 'SYSTEM_ADMIN', '超级管理员', 'SYSTEM_ADMIN', '超级管理员', '2025-11-06 12:42:12', '2025-11-06 12:42:51', 'active');
INSERT INTO `person_group_relation` (`id`, `person_id`, `group_id`, `sort_num`, `created_user_id`, `created_user_name`, `update_user_id`, `update_user_name`, `created_at`, `updated_at`, `status`) VALUES (2, 2, 1, 2, 'SYSTEM_ADMIN', '超级管理员', 'SYSTEM_ADMIN', '超级管理员', '2025-11-06 12:42:12', '2025-11-06 12:42:51', 'active');
INSERT INTO `person_group_relation` (`id`, `person_id`, `group_id`, `sort_num`, `created_user_id`, `created_user_name`, `update_user_id`, `update_user_name`, `created_at`, `updated_at`, `status`) VALUES (3, 2, 3, 1, 'SYSTEM_ADMIN', '超级管理员', 'SYSTEM_ADMIN', '超级管理员', '2025-11-06 12:42:12', '2025-11-06 12:42:51', 'active');
INSERT INTO `person_group_relation` (`id`, `person_id`, `group_id`, `sort_num`, `created_user_id`, `created_user_name`, `update_user_id`, `update_user_name`, `created_at`, `updated_at`, `status`) VALUES (4, 3, 2, 1, 'SYSTEM_ADMIN', '超级管理员', 'SYSTEM_ADMIN', '超级管理员', '2025-11-06 12:42:12', '2025-11-06 12:42:51', 'active');
INSERT INTO `person_group_relation` (`id`, `person_id`, `group_id`, `sort_num`, `created_user_id`, `created_user_name`, `update_user_id`, `update_user_name`, `created_at`, `updated_at`, `status`) VALUES (5, 3, 4, 1, 'SYSTEM_ADMIN', '超级管理员', 'SYSTEM_ADMIN', '超级管理员', '2025-11-06 12:42:12', '2025-11-06 12:42:51', 'active');
INSERT INTO `person_group_relation` (`id`, `person_id`, `group_id`, `sort_num`, `created_user_id`, `created_user_name`, `update_user_id`, `update_user_name`, `created_at`, `updated_at`, `status`) VALUES (6, 4, 2, 2, 'SYSTEM_ADMIN', '超级管理员', 'SYSTEM_ADMIN', '超级管理员', '2025-11-06 12:42:12', '2025-11-06 12:42:51', 'active');
INSERT INTO `person_group_relation` (`id`, `person_id`, `group_id`, `sort_num`, `created_user_id`, `created_user_name`, `update_user_id`, `update_user_name`, `created_at`, `updated_at`, `status`) VALUES (7, 5, 3, 2, 'SYSTEM_ADMIN', '超级管理员', 'SYSTEM_ADMIN', '超级管理员', '2025-11-06 12:42:12', '2025-11-06 12:42:51', 'active');
COMMIT;

-- ----------------------------
-- Table structure for person_info
-- ----------------------------
DROP TABLE IF EXISTS `person_info`;
CREATE TABLE `person_info` (
  `id` bigint(20) NOT NULL AUTO_INCREMENT COMMENT '主键ID',
  `account` varchar(50) NOT NULL COMMENT '联系人账号',
  `name` varchar(100) NOT NULL COMMENT '联系人姓名',
  `phone` varchar(20) DEFAULT NULL COMMENT '手机号码',
  `email` varchar(100) DEFAULT NULL COMMENT '邮箱地址',
  `department_code` varchar(50) DEFAULT NULL COMMENT '所属部门Code',
  `department_name` varchar(100) DEFAULT NULL COMMENT '所属部门名称',
  `remark` varchar(500) DEFAULT NULL COMMENT '备注说明',
  `created_user_id` varchar(50) DEFAULT NULL COMMENT '创建人ID标识',
  `created_user_name` varchar(100) DEFAULT NULL COMMENT '创建人名称',
  `update_user_id` varchar(50) DEFAULT NULL COMMENT '修改人ID标识',
  `update_user_name` varchar(100) DEFAULT NULL COMMENT '修改人名称',
  `created_at` datetime DEFAULT CURRENT_TIMESTAMP COMMENT '创建时间',
  `updated_at` datetime DEFAULT CURRENT_TIMESTAMP ON UPDATE CURRENT_TIMESTAMP COMMENT '更新时间',
  `status` varchar(20) DEFAULT 'active' COMMENT '状态（active-正常，delete-已删除）',
  `person_property` varchar(50) DEFAULT NULL,
  `work_type` varchar(50) DEFAULT NULL,
  PRIMARY KEY (`id`),
  UNIQUE KEY `uk_account` (`account`),
  KEY `idx_department_code` (`department_code`),
  KEY `idx_status` (`status`)
) ENGINE=InnoDB AUTO_INCREMENT=16 DEFAULT CHARSET=utf8mb4 COMMENT='联系人表';

-- ----------------------------
-- Records of person_info
-- ----------------------------
BEGIN;
INSERT INTO `person_info` (`id`, `account`, `name`, `phone`, `email`, `department_code`, `department_name`, `remark`, `created_user_id`, `created_user_name`, `update_user_id`, `update_user_name`, `created_at`, `updated_at`, `status`, `person_property`, `work_type`) VALUES (1, 'admin', '张伟', '13800138001', 'zhangwei@example.com', 'DEPT001', '安全管理部', '系统管理员', 'SYSTEM_ADMIN', '超级管理员', 'SYSTEM_ADMIN', '超级管理员', '2025-11-06 12:42:12', '2025-11-18 08:06:42', 'active', 'Management', NULL);
INSERT INTO `person_info` (`id`, `account`, `name`, `phone`, `email`, `department_code`, `department_name`, `remark`, `created_user_id`, `created_user_name`, `update_user_id`, `update_user_name`, `created_at`, `updated_at`, `status`, `person_property`, `work_type`) VALUES (2, 'safety_manager', '李明', '13800138002', 'liming@example.com', 'DEPT001', '安全管理部', '安全经理', 'SYSTEM_ADMIN', '超级管理员', 'SYSTEM_ADMIN', '超级管理员', '2025-11-06 12:42:12', '2025-11-06 12:42:51', 'active', NULL, NULL);
INSERT INTO `person_info` (`id`, `account`, `name`, `phone`, `email`, `department_code`, `department_name`, `remark`, `created_user_id`, `created_user_name`, `update_user_id`, `update_user_name`, `created_at`, `updated_at`, `status`, `person_property`, `work_type`) VALUES (3, 'operation_manager', '王芳', '13800138003', 'wangfang@example.com', 'DEPT002', '运营管理部', '运营经理', 'SYSTEM_ADMIN', '超级管理员', 'SYSTEM_ADMIN', '超级管理员', '2025-11-06 12:42:12', '2025-11-06 12:42:51', 'active', NULL, NULL);
INSERT INTO `person_info` (`id`, `account`, `name`, `phone`, `email`, `department_code`, `department_name`, `remark`, `created_user_id`, `created_user_name`, `update_user_id`, `update_user_name`, `created_at`, `updated_at`, `status`, `person_property`, `work_type`) VALUES (4, 'tech_director', '刘强', '13800138004', 'liuqiang@example.com', 'DEPT003', '技术部', '技术总监', 'SYSTEM_ADMIN', '超级管理员', 'SYSTEM_ADMIN', '超级管理员', '2025-11-06 12:42:12', '2025-11-18 08:06:39', 'active', 'Management', NULL);
INSERT INTO `person_info` (`id`, `account`, `name`, `phone`, `email`, `department_code`, `department_name`, `remark`, `created_user_id`, `created_user_name`, `update_user_id`, `update_user_name`, `created_at`, `updated_at`, `status`, `person_property`, `work_type`) VALUES (5, 'vessel_captain', '陈杰', '13800138005', 'chenjie@example.com', 'DEPT004', '船舶管理部', '船长', 'SYSTEM_ADMIN', '超级管理员', 'SYSTEM_ADMIN', '超级管理员', '2025-11-06 12:42:12', '2025-11-18 08:07:07', 'active', NULL, 'Seaman');
INSERT INTO `person_info` (`id`, `account`, `name`, `phone`, `email`, `department_code`, `department_name`, `remark`, `created_user_id`, `created_user_name`, `update_user_id`, `update_user_name`, `created_at`, `updated_at`, `status`, `person_property`, `work_type`) VALUES (6, 'weather_monitor', '黄敏', '13800138006', 'huangmin@example.com', 'DEPT002', '运营管理部', '气象监控员', 'SYSTEM_ADMIN', '超级管理员', 'SYSTEM_ADMIN', '超级管理员', '2025-11-06 12:42:12', '2025-11-06 12:42:51', 'active', NULL, NULL);
INSERT INTO `person_info` (`id`, `account`, `name`, `phone`, `email`, `department_code`, `department_name`, `remark`, `created_user_id`, `created_user_name`, `update_user_id`, `update_user_name`, `created_at`, `updated_at`, `status`, `person_property`, `work_type`) VALUES (7, 'safety_officer', '周涛', '13800138007', 'zhoutao@example.com', 'DEPT001', '安全管理部', '安全员', 'SYSTEM_ADMIN', '超级管理员', 'SYSTEM_ADMIN', '超级管理员', '2025-11-06 12:42:12', '2025-11-06 12:42:51', 'active', NULL, NULL);
INSERT INTO `person_info` (`id`, `account`, `name`, `phone`, `email`, `department_code`, `department_name`, `remark`, `created_user_id`, `created_user_name`, `update_user_id`, `update_user_name`, `created_at`, `updated_at`, `status`, `person_property`, `work_type`) VALUES (8, 'engineer_lead', '吴静', '13800138008', 'wujing@example.com', 'DEPT003', '技术部', '工程主管', 'SYSTEM_ADMIN', '超级管理员', 'SYSTEM_ADMIN', '超级管理员', '2025-11-06 12:42:12', '2025-11-06 12:42:51', 'active', NULL, NULL);
INSERT INTO `person_info` (`id`, `account`, `name`, `phone`, `email`, `department_code`, `department_name`, `remark`, `created_user_id`, `created_user_name`, `update_user_id`, `update_user_name`, `created_at`, `updated_at`, `status`, `person_property`, `work_type`) VALUES (9, 'logistics_manager', '郑浩', '13800138009', 'zhenghao@example.com', 'DEPT005', '后勤保障部', '后勤经理', 'SYSTEM_ADMIN', '超级管理员', 'SYSTEM_ADMIN', '超级管理员', '2025-11-06 12:42:12', '2025-11-06 12:42:51', 'active', NULL, NULL);
INSERT INTO `person_info` (`id`, `account`, `name`, `phone`, `email`, `department_code`, `department_name`, `remark`, `created_user_id`, `created_user_name`, `update_user_id`, `update_user_name`, `created_at`, `updated_at`, `status`, `person_property`, `work_type`) VALUES (10, 'maintenance_lead', '孙丽', '13800138010', 'sunli@example.com', 'DEPT003', '技术部', '维护主管', 'SYSTEM_ADMIN', '超级管理员', 'SYSTEM_ADMIN', '超级管理员', '2025-11-06 12:42:12', '2025-11-06 12:42:51', 'active', NULL, NULL);
INSERT INTO `person_info` (`id`, `account`, `name`, `phone`, `email`, `department_code`, `department_name`, `remark`, `created_user_id`, `created_user_name`, `update_user_id`, `update_user_name`, `created_at`, `updated_at`, `status`, `person_property`, `work_type`) VALUES (11, 'dispatch_officer', '马强', '13800138011', 'maqiang@example.com', 'DEPT004', '船舶管理部', '调度员', 'SYSTEM_ADMIN', '超级管理员', 'SYSTEM_ADMIN', '超级管理员', '2025-11-06 12:42:12', '2025-11-06 12:42:51', 'active', NULL, NULL);
INSERT INTO `person_info` (`id`, `account`, `name`, `phone`, `email`, `department_code`, `department_name`, `remark`, `created_user_id`, `created_user_name`, `update_user_id`, `update_user_name`, `created_at`, `updated_at`, `status`, `person_property`, `work_type`) VALUES (12, 'quality_inspector', '林芳', '13800138012', 'linfang@example.com', 'DEPT006', '质量管理部', '质检员', 'SYSTEM_ADMIN', '超级管理员', 'SYSTEM_ADMIN', '超级管理员', '2025-11-06 12:42:12', '2025-11-06 12:42:51', 'active', NULL, NULL);
INSERT INTO `person_info` (`id`, `account`, `name`, `phone`, `email`, `department_code`, `department_name`, `remark`, `created_user_id`, `created_user_name`, `update_user_id`, `update_user_name`, `created_at`, `updated_at`, `status`, `person_property`, `work_type`) VALUES (13, 'emergency_officer', '赵军', '13800138013', 'zhaojun@example.com', 'DEPT001', '安全管理部', '应急专员', 'SYSTEM_ADMIN', '超级管理员', 'SYSTEM_ADMIN', '超级管理员', '2025-11-06 12:42:12', '2025-11-06 12:42:51', 'active', NULL, NULL);
INSERT INTO `person_info` (`id`, `account`, `name`, `phone`, `email`, `department_code`, `department_name`, `remark`, `created_user_id`, `created_user_name`, `update_user_id`, `update_user_name`, `created_at`, `updated_at`, `status`, `person_property`, `work_type`) VALUES (14, 'data_analyst', '钱慧', '13800138014', 'qianhui@example.com', 'DEPT007', '数据分析部', '数据分析师', 'SYSTEM_ADMIN', '超级管理员', 'SYSTEM_ADMIN', '超级管理员', '2025-11-06 12:42:12', '2025-11-06 12:42:51', 'active', NULL, NULL);
INSERT INTO `person_info` (`id`, `account`, `name`, `phone`, `email`, `department_code`, `department_name`, `remark`, `created_user_id`, `created_user_name`, `update_user_id`, `update_user_name`, `created_at`, `updated_at`, `status`, `person_property`, `work_type`) VALUES (15, 'hr_manager', '孔明', '13800138015', 'kongming@example.com', 'DEPT008', '人力资源部', '人事经理', 'SYSTEM_ADMIN', '超级管理员', 'SYSTEM_ADMIN', '超级管理员', '2025-11-06 12:42:12', '2025-11-06 12:42:51', 'active', NULL, NULL);
COMMIT;

-- ----------------------------
-- Table structure for person_voyage_record
-- ----------------------------
DROP TABLE IF EXISTS `person_voyage_record`;
CREATE TABLE `person_voyage_record` (
  `id` bigint(16) NOT NULL AUTO_INCREMENT COMMENT '主键ID',
  `person_account` varchar(64) DEFAULT NULL COMMENT '人员账号',
  `vessel_voyage_id` bigint(16) DEFAULT NULL COMMENT '出海记录表ID',
  `vessel_mmsi` varchar(64) DEFAULT NULL COMMENT '船舶mmsi',
  `vessel_name` varchar(128) DEFAULT NULL COMMENT '当前所处船舶名称',
  `voyage_start` timestamp NULL DEFAULT NULL COMMENT '实际出海开始时间',
  `voyage_end` timestamp NULL DEFAULT NULL COMMENT '实际出海结束时间',
  `created_user_id` varchar(64) DEFAULT NULL COMMENT '创建人ID标识',
  `created_user_name` varchar(128) DEFAULT NULL COMMENT '创建人名称',
  `update_user_id` varchar(64) DEFAULT NULL COMMENT '修改人ID标识',
  `update_user_name` varchar(128) DEFAULT NULL COMMENT '修改人名称',
  `created_at` timestamp NOT NULL DEFAULT CURRENT_TIMESTAMP COMMENT '创建时间',
  `updated_at` timestamp NOT NULL DEFAULT CURRENT_TIMESTAMP ON UPDATE CURRENT_TIMESTAMP COMMENT '更新时间',
  `status` varchar(8) DEFAULT 'active' COMMENT '状态：delete-已删除、active-未删除',
  PRIMARY KEY (`id`),
  KEY `idx_status` (`status`)
) ENGINE=InnoDB AUTO_INCREMENT=8 DEFAULT CHARSET=utf8mb4 COMMENT='人员出海记录表';

-- ----------------------------
-- Records of person_voyage_record
-- ----------------------------
BEGIN;
INSERT INTO `person_voyage_record` (`id`, `person_account`, `vessel_voyage_id`, `vessel_mmsi`, `vessel_name`, `voyage_start`, `voyage_end`, `created_user_id`, `created_user_name`, `update_user_id`, `update_user_name`, `created_at`, `updated_at`, `status`) VALUES (1, 'vessel_captain', 1, '413568920', '海洋工程1号', '2025-11-06 06:15:00', NULL, 'admin', '系统管理员', NULL, NULL, '2025-11-11 08:33:00', '2025-11-11 08:33:00', 'active');
INSERT INTO `person_voyage_record` (`id`, `person_account`, `vessel_voyage_id`, `vessel_mmsi`, `vessel_name`, `voyage_start`, `voyage_end`, `created_user_id`, `created_user_name`, `update_user_id`, `update_user_name`, `created_at`, `updated_at`, `status`) VALUES (2, 'safety_officer', 1, '413568920', '海洋工程1号', '2025-11-06 06:15:00', NULL, 'admin', '系统管理员', NULL, NULL, '2025-11-11 08:33:00', '2025-11-11 08:33:00', 'active');
INSERT INTO `person_voyage_record` (`id`, `person_account`, `vessel_voyage_id`, `vessel_mmsi`, `vessel_name`, `voyage_start`, `voyage_end`, `created_user_id`, `created_user_name`, `update_user_id`, `update_user_name`, `created_at`, `updated_at`, `status`) VALUES (3, 'engineer_lead', 1, '413568920', '海洋工程1号', '2025-11-06 06:15:00', NULL, 'admin', '系统管理员', NULL, NULL, '2025-11-11 08:33:00', '2025-11-11 08:33:00', 'active');
INSERT INTO `person_voyage_record` (`id`, `person_account`, `vessel_voyage_id`, `vessel_mmsi`, `vessel_name`, `voyage_start`, `voyage_end`, `created_user_id`, `created_user_name`, `update_user_id`, `update_user_name`, `created_at`, `updated_at`, `status`) VALUES (4, 'vessel_captain', 2, '413568924', '海洋工程5号', '2025-11-06 05:45:00', NULL, 'admin', '系统管理员', NULL, NULL, '2025-11-11 08:33:00', '2025-11-11 08:33:00', 'active');
INSERT INTO `person_voyage_record` (`id`, `person_account`, `vessel_voyage_id`, `vessel_mmsi`, `vessel_name`, `voyage_start`, `voyage_end`, `created_user_id`, `created_user_name`, `update_user_id`, `update_user_name`, `created_at`, `updated_at`, `status`) VALUES (5, 'safety_manager', 2, '413568924', '海洋工程5号', '2025-11-06 05:45:00', NULL, 'admin', '系统管理员', NULL, NULL, '2025-11-11 08:33:00', '2025-11-11 08:33:00', 'active');
INSERT INTO `person_voyage_record` (`id`, `person_account`, `vessel_voyage_id`, `vessel_mmsi`, `vessel_name`, `voyage_start`, `voyage_end`, `created_user_id`, `created_user_name`, `update_user_id`, `update_user_name`, `created_at`, `updated_at`, `status`) VALUES (6, 'vessel_captain', 3, '413568922', '海洋维护3号', '2025-11-05 08:20:00', NULL, 'admin', '系统管理员', NULL, NULL, '2025-11-11 08:33:00', '2025-11-11 08:33:00', 'active');
INSERT INTO `person_voyage_record` (`id`, `person_account`, `vessel_voyage_id`, `vessel_mmsi`, `vessel_name`, `voyage_start`, `voyage_end`, `created_user_id`, `created_user_name`, `update_user_id`, `update_user_name`, `created_at`, `updated_at`, `status`) VALUES (7, 'maintenance_lead', 3, '413568922', '海洋维护3号', '2025-11-05 08:20:00', NULL, 'admin', '系统管理员', NULL, NULL, '2025-11-11 08:33:00', '2025-11-11 08:33:00', 'active');
COMMIT;

-- ----------------------------
-- Table structure for system_dict
-- ----------------------------
DROP TABLE IF EXISTS `system_dict`;
CREATE TABLE `system_dict` (
  `dict_id` bigint(20) NOT NULL AUTO_INCREMENT COMMENT '主键ID（自增）',
  `type` varchar(50) DEFAULT NULL COMMENT '配置类型',
  `code` varchar(50) DEFAULT NULL COMMENT '配置编码',
  `value` varchar(255) DEFAULT NULL COMMENT '配置值',
  `sort` int(4) DEFAULT '0' COMMENT '排序',
  `description` varchar(255) DEFAULT NULL COMMENT '配置详细描述',
  `status` varchar(8) DEFAULT 'active' COMMENT '状态：delete已删除、active未删除',
  PRIMARY KEY (`dict_id`) USING BTREE,
  UNIQUE KEY `uk_type_code` (`type`,`code`,`value`) USING BTREE COMMENT '确保同类型下编码唯一'
) ENGINE=InnoDB AUTO_INCREMENT=44 DEFAULT CHARSET=utf8mb4;

-- ----------------------------
-- Records of system_dict
-- ----------------------------
BEGIN;
INSERT INTO `system_dict` (`dict_id`, `type`, `code`, `value`, `sort`, `description`, `status`) VALUES (1, 'vessel_type', 'Construction', '施工船舶', 0, NULL, 'active');
INSERT INTO `system_dict` (`dict_id`, `type`, `code`, `value`, `sort`, `description`, `status`) VALUES (2, 'vessel_type', 'Operation', '运维船舶', 0, NULL, 'active');
INSERT INTO `system_dict` (`dict_id`, `type`, `code`, `value`, `sort`, `description`, `status`) VALUES (3, 'vessel_type', 'Transportation', '交通船舶', 0, NULL, 'active');
INSERT INTO `system_dict` (`dict_id`, `type`, `code`, `value`, `sort`, `description`, `status`) VALUES (4, 'vessel_catalog', 'WTIV', '风机吊装船', 0, NULL, 'active');
INSERT INTO `system_dict` (`dict_id`, `type`, `code`, `value`, `sort`, `description`, `status`) VALUES (5, 'vessel_catalog', 'SPIV', '升压站吊装船', 0, NULL, 'active');
INSERT INTO `system_dict` (`dict_id`, `type`, `code`, `value`, `sort`, `description`, `status`) VALUES (6, 'vessel_catalog', 'Carrier', '运输船', 0, NULL, 'active');
INSERT INTO `system_dict` (`dict_id`, `type`, `code`, `value`, `sort`, `description`, `status`) VALUES (7, 'vessel_catalog', 'AnchorTug', '锚艇', 0, NULL, 'active');
INSERT INTO `system_dict` (`dict_id`, `type`, `code`, `value`, `sort`, `description`, `status`) VALUES (8, 'vessel_catalog', 'Tugboat', '拖轮', 0, NULL, 'active');
INSERT INTO `system_dict` (`dict_id`, `type`, `code`, `value`, `sort`, `description`, `status`) VALUES (9, 'vessel_catalog', 'Other', '其他类型', 0, NULL, 'active');
INSERT INTO `system_dict` (`dict_id`, `type`, `code`, `value`, `sort`, `description`, `status`) VALUES (10, 'plan_status', 'NotStarted', '未出海', 0, NULL, 'active');
INSERT INTO `system_dict` (`dict_id`, `type`, `code`, `value`, `sort`, `description`, `status`) VALUES (11, 'plan_status', 'PendingConfirm', '出海待确认', 0, NULL, 'active');
INSERT INTO `system_dict` (`dict_id`, `type`, `code`, `value`, `sort`, `description`, `status`) VALUES (12, 'plan_status', 'InVoyage', '出海中', 0, NULL, 'active');
INSERT INTO `system_dict` (`dict_id`, `type`, `code`, `value`, `sort`, `description`, `status`) VALUES (13, 'plan_status', 'ArrivalPending', '到岗待确认', 0, NULL, 'active');
INSERT INTO `system_dict` (`dict_id`, `type`, `code`, `value`, `sort`, `description`, `status`) VALUES (14, 'plan_status', 'Arrived', '已到岗', 0, NULL, 'active');
INSERT INTO `system_dict` (`dict_id`, `type`, `code`, `value`, `sort`, `description`, `status`) VALUES (15, 'plan_status', 'Sheltering', '避风中', 0, NULL, 'active');
INSERT INTO `system_dict` (`dict_id`, `type`, `code`, `value`, `sort`, `description`, `status`) VALUES (16, 'alert_type_code', 'A_SAFE_01', '人员落水告警', 0, NULL, 'active');
INSERT INTO `system_dict` (`dict_id`, `type`, `code`, `value`, `sort`, `description`, `status`) VALUES (17, 'alert_type_code', 'A_SAFE_02', '施工船驶离施工区域告警', 0, NULL, 'active');
INSERT INTO `system_dict` (`dict_id`, `type`, `code`, `value`, `sort`, `description`, `status`) VALUES (18, 'alert_type_code', 'A_SAFE_03', '安全设备告警', 0, NULL, 'active');
INSERT INTO `system_dict` (`dict_id`, `type`, `code`, `value`, `sort`, `description`, `status`) VALUES (19, 'alert_type_code', 'A_SAFE_04', '未佩戴安全帽告警', 0, NULL, 'active');
INSERT INTO `system_dict` (`dict_id`, `type`, `code`, `value`, `sort`, `description`, `status`) VALUES (20, 'alert_type_code', 'A_SAFE_05', '未穿戴救生设备告警', 0, NULL, 'active');
INSERT INTO `system_dict` (`dict_id`, `type`, `code`, `value`, `sort`, `description`, `status`) VALUES (21, 'alert_type_code', 'A_SAFE_06', '未穿戴防护衣', 0, NULL, 'active');
INSERT INTO `system_dict` (`dict_id`, `type`, `code`, `value`, `sort`, `description`, `status`) VALUES (22, 'alert_type_code', 'A_SAFE_07', '抽烟行为告警', 0, NULL, 'active');
INSERT INTO `system_dict` (`dict_id`, `type`, `code`, `value`, `sort`, `description`, `status`) VALUES (23, 'alert_type_code', 'A_SAFE_08', '人员倒地告警', 0, NULL, 'active');
INSERT INTO `system_dict` (`dict_id`, `type`, `code`, `value`, `sort`, `description`, `status`) VALUES (24, 'alert_process_status', 'Pending', '待处理', 0, NULL, 'active');
INSERT INTO `system_dict` (`dict_id`, `type`, `code`, `value`, `sort`, `description`, `status`) VALUES (25, 'alert_process_status', 'Processing', '处理中', 0, NULL, 'active');
INSERT INTO `system_dict` (`dict_id`, `type`, `code`, `value`, `sort`, `description`, `status`) VALUES (26, 'alert_process_status', 'Processed', '已处理', 0, NULL, 'active');
INSERT INTO `system_dict` (`dict_id`, `type`, `code`, `value`, `sort`, `description`, `status`) VALUES (27, 'alert_process_status', 'Released', '已解除', 0, NULL, 'active');
INSERT INTO `system_dict` (`dict_id`, `type`, `code`, `value`, `sort`, `description`, `status`) VALUES (28, 'alert_process_status', 'Ignore', '已忽略', 0, NULL, 'active');
INSERT INTO `system_dict` (`dict_id`, `type`, `code`, `value`, `sort`, `description`, `status`) VALUES (29, 'NOTICE_TYPE', 'DM', '系统消息', 0, NULL, 'active');
INSERT INTO `system_dict` (`dict_id`, `type`, `code`, `value`, `sort`, `description`, `status`) VALUES (30, 'NOTICE_TYPE', 'SMS', '短信', 0, NULL, 'active');
INSERT INTO `system_dict` (`dict_id`, `type`, `code`, `value`, `sort`, `description`, `status`) VALUES (31, 'onshore_work_status', 'Pending', '未开始', 0, NULL, 'active');
INSERT INTO `system_dict` (`dict_id`, `type`, `code`, `value`, `sort`, `description`, `status`) VALUES (32, 'onshore_work_status', 'Processing', '作业中', 0, NULL, 'active');
INSERT INTO `system_dict` (`dict_id`, `type`, `code`, `value`, `sort`, `description`, `status`) VALUES (33, 'onshore_work_status', 'Processed', '作业完成', 0, NULL, 'active');
INSERT INTO `system_dict` (`dict_id`, `type`, `code`, `value`, `sort`, `description`, `status`) VALUES (34, 'vessel_voyage_source', 'PC', '出海信息填报(PC)', 0, NULL, 'active');
INSERT INTO `system_dict` (`dict_id`, `type`, `code`, `value`, `sort`, `description`, `status`) VALUES (35, 'vessel_voyage_source', 'APP', '出海信息填报(APP)', 0, NULL, 'active');
INSERT INTO `system_dict` (`dict_id`, `type`, `code`, `value`, `sort`, `description`, `status`) VALUES (36, 'work_type', 'Seaman', '水手', 0, NULL, 'active');
INSERT INTO `system_dict` (`dict_id`, `type`, `code`, `value`, `sort`, `description`, `status`) VALUES (37, 'person_voyage_status', 'InVoyage', '出海中', 0, NULL, 'active');
INSERT INTO `system_dict` (`dict_id`, `type`, `code`, `value`, `sort`, `description`, `status`) VALUES (38, 'person_voyage_status', 'UnVoyage', '未出海', 0, NULL, 'active');
INSERT INTO `system_dict` (`dict_id`, `type`, `code`, `value`, `sort`, `description`, `status`) VALUES (39, 'person_voyage_status', 'Processing', '作业中', 0, NULL, 'active');
INSERT INTO `system_dict` (`dict_id`, `type`, `code`, `value`, `sort`, `description`, `status`) VALUES (40, 'person_property', 'Management', '管理人员', 0, NULL, 'active');
INSERT INTO `system_dict` (`dict_id`, `type`, `code`, `value`, `sort`, `description`, `status`) VALUES (41, 'person_property', 'Labor', '劳务人员', 0, NULL, 'active');
INSERT INTO `system_dict` (`dict_id`, `type`, `code`, `value`, `sort`, `description`, `status`) VALUES (42, 'person_property', 'Crew', '船员', 0, NULL, 'active');
INSERT INTO `system_dict` (`dict_id`, `type`, `code`, `value`, `sort`, `description`, `status`) VALUES (43, 'person_property', 'Temporary', '临时人员', 0, NULL, 'active');
COMMIT;

-- ----------------------------
-- Table structure for vessel_info
-- ----------------------------
DROP TABLE IF EXISTS `vessel_info`;
CREATE TABLE `vessel_info` (
  `id` bigint(20) NOT NULL AUTO_INCREMENT COMMENT '船舶ID',
  `vessel_name` varchar(100) NOT NULL COMMENT '船舶名称',
  `vessel_type` varchar(50) DEFAULT NULL COMMENT '船舶类型',
  `vessel_catalog` varchar(50) DEFAULT NULL COMMENT '船舶分类',
  `vessel_mmsi` varchar(50) NOT NULL COMMENT '船舶识别码',
  `department_code` varchar(50) DEFAULT NULL COMMENT '所属单位Code',
  `department_name` varchar(100) DEFAULT NULL COMMENT '所属单位名称',
  `vessel_status` varchar(20) DEFAULT 'Enabled' COMMENT '船舶启用状态（Enabled-启用、Disable-禁止）',
  `draft` int(11) DEFAULT '0' COMMENT '吃水深度',
  `max_capacity` int(11) DEFAULT '0' COMMENT '最大载客量',
  `voyage_total_count` int(11) DEFAULT '0' COMMENT '累计出海次数',
  `voyage_total_day` int(11) DEFAULT '0' COMMENT '累计出海天数',
  `created_user_id` varchar(50) DEFAULT NULL COMMENT '创建人ID标识',
  `created_user_name` varchar(100) DEFAULT NULL COMMENT '创建人名称',
  `update_user_id` varchar(50) DEFAULT NULL COMMENT '修改人ID标识',
  `update_user_name` varchar(100) DEFAULT NULL COMMENT '修改人名称',
  `created_at` datetime DEFAULT CURRENT_TIMESTAMP COMMENT '创建时间',
  `updated_at` datetime DEFAULT CURRENT_TIMESTAMP ON UPDATE CURRENT_TIMESTAMP COMMENT '更新时间',
  `status` varchar(20) DEFAULT 'active' COMMENT '状态（active-正常，delete-已删除）',
  PRIMARY KEY (`id`),
  KEY `idx_vessel_type` (`vessel_type`),
  KEY `idx_department_code` (`department_code`),
  KEY `idx_vessel_status` (`vessel_status`),
  KEY `idx_status` (`status`),
  KEY `uk_vessel_mmsi` (`vessel_mmsi`) USING BTREE
) ENGINE=InnoDB AUTO_INCREMENT=6141388522065921 DEFAULT CHARSET=utf8mb4 COMMENT='船舶信息表';

-- ----------------------------
-- Records of vessel_info
-- ----------------------------
BEGIN;
INSERT INTO `vessel_info` (`id`, `vessel_name`, `vessel_type`, `vessel_catalog`, `vessel_mmsi`, `department_code`, `department_name`, `vessel_status`, `draft`, `max_capacity`, `voyage_total_count`, `voyage_total_day`, `created_user_id`, `created_user_name`, `update_user_id`, `update_user_name`, `created_at`, `updated_at`, `status`) VALUES (1, '海洋工程1号', 'Operation', 'Engineering', '413568920', 'Production_Units_Level3', '三级生产单元', 'Enabled', 3, 25, 120, 480, 'SYSTEM_ADMIN', '超级管理员', 'SYSTEM_ADMIN', '超级管理员', '2025-11-06 12:42:12', '2025-11-21 20:29:45', 'active');
INSERT INTO `vessel_info` (`id`, `vessel_name`, `vessel_type`, `vessel_catalog`, `vessel_mmsi`, `department_code`, `department_name`, `vessel_status`, `draft`, `max_capacity`, `voyage_total_count`, `voyage_total_day`, `created_user_id`, `created_user_name`, `update_user_id`, `update_user_name`, `created_at`, `updated_at`, `status`) VALUES (2, '海洋运输2号', 'Transportation', 'Supply', '413568921', 'Production_Units_Level3', '三级生产单元', 'Enabled', 2, 40, 156, 624, 'SYSTEM_ADMIN', '超级管理员', 'SYSTEM_ADMIN', '超级管理员', '2025-11-06 12:42:12', '2025-11-06 20:57:14', 'active');
INSERT INTO `vessel_info` (`id`, `vessel_name`, `vessel_type`, `vessel_catalog`, `vessel_mmsi`, `department_code`, `department_name`, `vessel_status`, `draft`, `max_capacity`, `voyage_total_count`, `voyage_total_day`, `created_user_id`, `created_user_name`, `update_user_id`, `update_user_name`, `created_at`, `updated_at`, `status`) VALUES (3, '海洋维护3号', 'Construction', 'Maintenance', '413568922', 'Production_Units_Level3', '三级生产单元', 'Enabled', 3, 20, 98, 392, 'SYSTEM_ADMIN', '超级管理员', 'SYSTEM_ADMIN', '超级管理员', '2025-11-06 12:42:12', '2025-11-21 20:01:24', 'active');
INSERT INTO `vessel_info` (`id`, `vessel_name`, `vessel_type`, `vessel_catalog`, `vessel_mmsi`, `department_code`, `department_name`, `vessel_status`, `draft`, `max_capacity`, `voyage_total_count`, `voyage_total_day`, `created_user_id`, `created_user_name`, `update_user_id`, `update_user_name`, `created_at`, `updated_at`, `status`) VALUES (4, '海洋补给4号', 'Transportation', 'Supply', '413568923', 'Production_Units_Level3', '三级生产单元', 'Enabled', 2, 35, 142, 568, 'SYSTEM_ADMIN', '超级管理员', 'SYSTEM_ADMIN', '超级管理员', '2025-11-06 12:42:12', '2025-11-06 12:57:31', 'active');
INSERT INTO `vessel_info` (`id`, `vessel_name`, `vessel_type`, `vessel_catalog`, `vessel_mmsi`, `department_code`, `department_name`, `vessel_status`, `draft`, `max_capacity`, `voyage_total_count`, `voyage_total_day`, `created_user_id`, `created_user_name`, `update_user_id`, `update_user_name`, `created_at`, `updated_at`, `status`) VALUES (5, '海洋工程5号', 'Operation', 'Engineering', '413568924', 'Production_Units_Level3', '三级生产单元', 'Enabled', 4, 30, 88, 352, 'SYSTEM_ADMIN', '超级管理员', 'SYSTEM_ADMIN', '超级管理员', '2025-11-06 12:42:12', '2025-11-06 12:57:31', 'active');
INSERT INTO `vessel_info` (`id`, `vessel_name`, `vessel_type`, `vessel_catalog`, `vessel_mmsi`, `department_code`, `department_name`, `vessel_status`, `draft`, `max_capacity`, `voyage_total_count`, `voyage_total_day`, `created_user_id`, `created_user_name`, `update_user_id`, `update_user_name`, `created_at`, `updated_at`, `status`) VALUES (6085207108685824, '测试导入船舶', 'Operation', NULL, '412888888', NULL, 'XXXX项目部', 'Enabled', 0, 0, 0, 0, NULL, NULL, 'SYSTEM_ADMIN', '超级管理员', '2025-11-21 16:59:51', '2025-11-21 18:33:34', 'delete');
INSERT INTO `vessel_info` (`id`, `vessel_name`, `vessel_type`, `vessel_catalog`, `vessel_mmsi`, `department_code`, `department_name`, `vessel_status`, `draft`, `max_capacity`, `voyage_total_count`, `voyage_total_day`, `created_user_id`, `created_user_name`, `update_user_id`, `update_user_name`, `created_at`, `updated_at`, `status`) VALUES (6086057568702464, '测试导入船舶', 'Operation', NULL, '12312', 'zgsl', '中交二航局', 'Enabled', 1002, 0, 0, 0, NULL, NULL, 'SYSTEM_ADMIN', '超级管理员', '2025-11-21 18:48:00', '2025-11-21 20:20:01', 'delete');
INSERT INTO `vessel_info` (`id`, `vessel_name`, `vessel_type`, `vessel_catalog`, `vessel_mmsi`, `department_code`, `department_name`, `vessel_status`, `draft`, `max_capacity`, `voyage_total_count`, `voyage_total_day`, `created_user_id`, `created_user_name`, `update_user_id`, `update_user_name`, `created_at`, `updated_at`, `status`) VALUES (6086264460873728, '1', 'Construction', NULL, '111', 'zgsl', '中交二航局', 'Enabled', 1, 1, 0, 0, 'SYSTEM_ADMIN', '超级管理员', 'SYSTEM_ADMIN', '超级管理员', '2025-11-21 19:14:18', '2025-11-21 19:14:32', 'delete');
INSERT INTO `vessel_info` (`id`, `vessel_name`, `vessel_type`, `vessel_catalog`, `vessel_mmsi`, `department_code`, `department_name`, `vessel_status`, `draft`, `max_capacity`, `voyage_total_count`, `voyage_total_day`, `created_user_id`, `created_user_name`, `update_user_id`, `update_user_name`, `created_at`, `updated_at`, `status`) VALUES (6086699168370688, '123123', 'Construction', NULL, '123', 'zgsl', '中交二航局', 'Enabled', 1, 0, 0, 0, 'SYSTEM_ADMIN', '超级管理员', 'SYSTEM_ADMIN', '超级管理员', '2025-11-21 20:09:35', '2025-11-21 20:09:40', 'delete');
INSERT INTO `vessel_info` (`id`, `vessel_name`, `vessel_type`, `vessel_catalog`, `vessel_mmsi`, `department_code`, `department_name`, `vessel_status`, `draft`, `max_capacity`, `voyage_total_count`, `voyage_total_day`, `created_user_id`, `created_user_name`, `update_user_id`, `update_user_name`, `created_at`, `updated_at`, `status`) VALUES (6086782574989312, '测试导入船舶', 'Operation', NULL, '12312', NULL, 'XXXX项目部', 'Enabled', 0, 0, 0, 0, NULL, NULL, 'SYSTEM_ADMIN', '超级管理员', '2025-11-21 20:20:11', '2025-11-21 20:29:39', 'delete');
INSERT INTO `vessel_info` (`id`, `vessel_name`, `vessel_type`, `vessel_catalog`, `vessel_mmsi`, `department_code`, `department_name`, `vessel_status`, `draft`, `max_capacity`, `voyage_total_count`, `voyage_total_day`, `created_user_id`, `created_user_name`, `update_user_id`, `update_user_name`, `created_at`, `updated_at`, `status`) VALUES (6119380238929920, '测试船舶', 'Transportation', NULL, '131028', 'zgsl', '中交二航局', 'Enabled', 100, 111, 0, 0, 'SYSTEM_ADMIN', '超级管理员', 'SYSTEM_ADMIN', '超级管理员', '2025-11-24 17:25:11', '2025-11-24 17:25:11', 'active');
INSERT INTO `vessel_info` (`id`, `vessel_name`, `vessel_type`, `vessel_catalog`, `vessel_mmsi`, `department_code`, `department_name`, `vessel_status`, `draft`, `max_capacity`, `voyage_total_count`, `voyage_total_day`, `created_user_id`, `created_user_name`, `update_user_id`, `update_user_name`, `created_at`, `updated_at`, `status`) VALUES (6141388522065920, '测试船舶', 'Operation', NULL, '123455', 'zgsl', '中交二航局', 'Enabled', 0, 0, 0, 0, 'SYSTEM_ADMIN', '超级管理员', 'SYSTEM_ADMIN', '超级管理员', '2025-11-26 16:03:41', '2025-11-26 16:19:37', 'delete');
COMMIT;

-- ----------------------------
-- Table structure for vessel_person_relation
-- ----------------------------
DROP TABLE IF EXISTS `vessel_person_relation`;
CREATE TABLE `vessel_person_relation` (
  `id` bigint(20) NOT NULL AUTO_INCREMENT COMMENT '主键ID',
  `vessel_name` varchar(100) DEFAULT NULL COMMENT '船舶名称',
  `vessel_mmsi` varchar(50) NOT NULL COMMENT '船舶识别码',
  `person_account` json DEFAULT NULL COMMENT '人员账号（JSON数组）',
  `created_user_id` varchar(50) DEFAULT NULL COMMENT '创建人ID标识',
  `created_user_name` varchar(100) DEFAULT NULL COMMENT '创建人名称',
  `update_user_id` varchar(50) DEFAULT NULL COMMENT '修改人ID标识',
  `update_user_name` varchar(100) DEFAULT NULL COMMENT '修改人名称',
  `created_at` datetime DEFAULT CURRENT_TIMESTAMP COMMENT '创建时间',
  `updated_at` datetime DEFAULT CURRENT_TIMESTAMP ON UPDATE CURRENT_TIMESTAMP COMMENT '更新时间',
  `status` varchar(20) DEFAULT 'active' COMMENT '状态（active-正常，delete-已删除）',
  `voyage_record_id` bigint(20) DEFAULT NULL COMMENT '船舶出海记录id',
  `temporary_person_account` json DEFAULT NULL COMMENT '临时出海人员账号（JSON数组）',
  PRIMARY KEY (`id`),
  KEY `idx_vessel_mmsi` (`vessel_mmsi`),
  KEY `idx_status` (`status`)
) ENGINE=InnoDB AUTO_INCREMENT=6141388563091457 DEFAULT CHARSET=utf8mb4 COMMENT='船舶人员关系表';

-- ----------------------------
-- Records of vessel_person_relation
-- ----------------------------
BEGIN;
INSERT INTO `vessel_person_relation` (`id`, `vessel_name`, `vessel_mmsi`, `person_account`, `created_user_id`, `created_user_name`, `update_user_id`, `update_user_name`, `created_at`, `updated_at`, `status`, `voyage_record_id`, `temporary_person_account`) VALUES (1, '海洋工程1号', '413568920', '[\"vessel_captain\", \"weather_monitor\"]', 'SYSTEM_ADMIN', '超级管理员', 'SYSTEM_ADMIN', '超级管理员', '2025-11-06 12:42:12', '2025-11-21 03:12:25', 'delete', 6006673446866944, '[\"vessel_captain\", \"weather_monitor\"]');
INSERT INTO `vessel_person_relation` (`id`, `vessel_name`, `vessel_mmsi`, `person_account`, `created_user_id`, `created_user_name`, `update_user_id`, `update_user_name`, `created_at`, `updated_at`, `status`, `voyage_record_id`, `temporary_person_account`) VALUES (2, '海洋运输2号', '413568921', '[\"vessel_captain\", \"weather_monitor\"]', 'SYSTEM_ADMIN', '超级管理员', 'SYSTEM_ADMIN', '超级管理员', '2025-11-06 12:42:12', '2025-11-20 11:51:57', 'active', 0, NULL);
INSERT INTO `vessel_person_relation` (`id`, `vessel_name`, `vessel_mmsi`, `person_account`, `created_user_id`, `created_user_name`, `update_user_id`, `update_user_name`, `created_at`, `updated_at`, `status`, `voyage_record_id`, `temporary_person_account`) VALUES (3, '海洋维护3号', '413568922', '[\"safety_officer\", \"engineer_lead\"]', 'SYSTEM_ADMIN', '超级管理员', 'SYSTEM_ADMIN', '超级管理员', '2025-11-06 12:42:12', '2025-11-21 12:01:24', 'delete', 0, NULL);
INSERT INTO `vessel_person_relation` (`id`, `vessel_name`, `vessel_mmsi`, `person_account`, `created_user_id`, `created_user_name`, `update_user_id`, `update_user_name`, `created_at`, `updated_at`, `status`, `voyage_record_id`, `temporary_person_account`) VALUES (4, '海洋补给4号', '413568923', '[\"logistics_manager\"]', 'SYSTEM_ADMIN', '超级管理员', 'SYSTEM_ADMIN', '超级管理员', '2025-11-06 12:42:12', '2025-11-06 12:56:30', 'active', 0, NULL);
INSERT INTO `vessel_person_relation` (`id`, `vessel_name`, `vessel_mmsi`, `person_account`, `created_user_id`, `created_user_name`, `update_user_id`, `update_user_name`, `created_at`, `updated_at`, `status`, `voyage_record_id`, `temporary_person_account`) VALUES (5, '海洋工程5号', '413568924', '[\"maintenance_lead\", \"dispatch_officer\"]', 'SYSTEM_ADMIN', '超级管理员', 'SYSTEM_ADMIN', '超级管理员', '2025-11-06 12:42:12', '2025-11-20 11:51:58', 'active', 0, NULL);
INSERT INTO `vessel_person_relation` (`id`, `vessel_name`, `vessel_mmsi`, `person_account`, `created_user_id`, `created_user_name`, `update_user_id`, `update_user_name`, `created_at`, `updated_at`, `status`, `voyage_record_id`, `temporary_person_account`) VALUES (5917204682444800, '海洋运输2号', '413568921', '[\"vessel_captain\", \"weather_monitor\"]', 'SYSTEM_ADMIN', '超级管理员', 'SYSTEM_ADMIN', '超级管理员', '2025-11-06 20:57:14', '2025-11-20 11:51:58', 'active', 0, NULL);
INSERT INTO `vessel_person_relation` (`id`, `vessel_name`, `vessel_mmsi`, `person_account`, `created_user_id`, `created_user_name`, `update_user_id`, `update_user_name`, `created_at`, `updated_at`, `status`, `voyage_record_id`, `temporary_person_account`) VALUES (6006673451847680, '海巡31号', '987654321', '[\"admin\", \"safety_manager\", \"operation_manager\", \"tech_director\"]', 'SYSTEM_ADMIN', '超级管理员', 'SYSTEM_ADMIN', '超级管理员', '2025-11-14 18:33:47', '2025-11-14 18:33:47', 'active', 0, NULL);
INSERT INTO `vessel_person_relation` (`id`, `vessel_name`, `vessel_mmsi`, `person_account`, `created_user_id`, `created_user_name`, `update_user_id`, `update_user_name`, `created_at`, `updated_at`, `status`, `voyage_record_id`, `temporary_person_account`) VALUES (6006732725882880, '海洋运输2号', '413568921', '[]', 'SYSTEM_ADMIN', '超级管理员', 'SYSTEM_ADMIN', '超级管理员', '2025-11-14 18:41:19', '2025-11-20 11:51:58', 'active', 0, NULL);
INSERT INTO `vessel_person_relation` (`id`, `vessel_name`, `vessel_mmsi`, `person_account`, `created_user_id`, `created_user_name`, `update_user_id`, `update_user_name`, `created_at`, `updated_at`, `status`, `voyage_record_id`, `temporary_person_account`) VALUES (6006749382381568, '海洋运输2号', '413568921', '[]', 'SYSTEM_ADMIN', '超级管理员', 'SYSTEM_ADMIN', '超级管理员', '2025-11-14 18:43:26', '2025-11-20 11:51:58', 'active', 0, NULL);
INSERT INTO `vessel_person_relation` (`id`, `vessel_name`, `vessel_mmsi`, `person_account`, `created_user_id`, `created_user_name`, `update_user_id`, `update_user_name`, `created_at`, `updated_at`, `status`, `voyage_record_id`, `temporary_person_account`) VALUES (6006760338952192, '海洋工程5号', '413568924', '[\"operation_manager\", \"tech_director\"]', 'SYSTEM_ADMIN', '超级管理员', 'SYSTEM_ADMIN', '超级管理员', '2025-11-14 18:44:50', '2025-11-20 11:51:58', 'active', 0, NULL);
INSERT INTO `vessel_person_relation` (`id`, `vessel_name`, `vessel_mmsi`, `person_account`, `created_user_id`, `created_user_name`, `update_user_id`, `update_user_name`, `created_at`, `updated_at`, `status`, `voyage_record_id`, `temporary_person_account`) VALUES (6006764473487360, '海洋工程5号', '413568924', '[\"operation_manager\", \"tech_director\"]', 'SYSTEM_ADMIN', '超级管理员', 'SYSTEM_ADMIN', '超级管理员', '2025-11-14 18:45:21', '2025-11-20 11:51:58', 'active', 0, NULL);
INSERT INTO `vessel_person_relation` (`id`, `vessel_name`, `vessel_mmsi`, `person_account`, `created_user_id`, `created_user_name`, `update_user_id`, `update_user_name`, `created_at`, `updated_at`, `status`, `voyage_record_id`, `temporary_person_account`) VALUES (6006766632243200, '海洋工程5号', '413568924', '[\"operation_manager\", \"tech_director\"]', 'SYSTEM_ADMIN', '超级管理员', 'SYSTEM_ADMIN', '超级管理员', '2025-11-14 18:45:38', '2025-11-20 11:51:58', 'active', 0, NULL);
INSERT INTO `vessel_person_relation` (`id`, `vessel_name`, `vessel_mmsi`, `person_account`, `created_user_id`, `created_user_name`, `update_user_id`, `update_user_name`, `created_at`, `updated_at`, `status`, `voyage_record_id`, `temporary_person_account`) VALUES (6006823500189696, '海洋工程5号', '413568924', '[]', 'SYSTEM_ADMIN', '超级管理员', 'SYSTEM_ADMIN', '超级管理员', '2025-11-14 18:52:52', '2025-11-20 11:51:58', 'active', 0, NULL);
INSERT INTO `vessel_person_relation` (`id`, `vessel_name`, `vessel_mmsi`, `person_account`, `created_user_id`, `created_user_name`, `update_user_id`, `update_user_name`, `created_at`, `updated_at`, `status`, `voyage_record_id`, `temporary_person_account`) VALUES (6006941593047040, '海巡31号 (更新)', '413568924', '[\"admin\", \"safety_manager\", \"operation_manager\"]', 'SYSTEM_ADMIN', '超级管理员', 'SYSTEM_ADMIN', '超级管理员', '2025-11-14 19:07:53', '2025-11-20 11:51:58', 'active', 0, NULL);
INSERT INTO `vessel_person_relation` (`id`, `vessel_name`, `vessel_mmsi`, `person_account`, `created_user_id`, `created_user_name`, `update_user_id`, `update_user_name`, `created_at`, `updated_at`, `status`, `voyage_record_id`, `temporary_person_account`) VALUES (6007156525961216, '海巡31号 (更新jj)', '413568924', '[\"admin\", \"safety_manager\", \"operation_manager\"]', 'SYSTEM_ADMIN', '超级管理员', 'SYSTEM_ADMIN', '超级管理员', '2025-11-14 19:35:12', '2025-11-20 11:51:58', 'active', 0, NULL);
INSERT INTO `vessel_person_relation` (`id`, `vessel_name`, `vessel_mmsi`, `person_account`, `created_user_id`, `created_user_name`, `update_user_id`, `update_user_name`, `created_at`, `updated_at`, `status`, `voyage_record_id`, `temporary_person_account`) VALUES (6007207791628288, '海巡31号 (更新jj)', '413568924', '[\"admin\", \"safety_manager\", \"operation_manager\"]', 'SYSTEM_ADMIN', '超级管理员', 'SYSTEM_ADMIN', '超级管理员', '2025-11-14 19:41:44', '2025-11-20 11:51:58', 'active', 0, NULL);
INSERT INTO `vessel_person_relation` (`id`, `vessel_name`, `vessel_mmsi`, `person_account`, `created_user_id`, `created_user_name`, `update_user_id`, `update_user_name`, `created_at`, `updated_at`, `status`, `voyage_record_id`, `temporary_person_account`) VALUES (6007221184827392, '海洋运输2号', '413568921', '[\"operation_manager\", \"safety_officer\"]', 'SYSTEM_ADMIN', '超级管理员', 'SYSTEM_ADMIN', '超级管理员', '2025-11-14 19:43:26', '2025-11-20 11:51:58', 'active', 0, NULL);
INSERT INTO `vessel_person_relation` (`id`, `vessel_name`, `vessel_mmsi`, `person_account`, `created_user_id`, `created_user_name`, `update_user_id`, `update_user_name`, `created_at`, `updated_at`, `status`, `voyage_record_id`, `temporary_person_account`) VALUES (6048154520326144, '海洋维护3号', '413568922', '[\"safety_officer\", \"engineer_lead\"]', 'SYSTEM_ADMIN', '超级管理员', 'SYSTEM_ADMIN', '超级管理员', '2025-11-18 10:28:22', '2025-11-21 12:01:24', 'delete', 0, NULL);
INSERT INTO `vessel_person_relation` (`id`, `vessel_name`, `vessel_mmsi`, `person_account`, `created_user_id`, `created_user_name`, `update_user_id`, `update_user_name`, `created_at`, `updated_at`, `status`, `voyage_record_id`, `temporary_person_account`) VALUES (6048157167325184, '海洋工程1号', '413568920', '[\"safety_manager\", \"operation_manager\", \"tech_director\"]', 'SYSTEM_ADMIN', '超级管理员', 'SYSTEM_ADMIN', '超级管理员', '2025-11-18 10:28:43', '2025-11-21 10:45:28', 'delete', 0, NULL);
INSERT INTO `vessel_person_relation` (`id`, `vessel_name`, `vessel_mmsi`, `person_account`, `created_user_id`, `created_user_name`, `update_user_id`, `update_user_name`, `created_at`, `updated_at`, `status`, `voyage_record_id`, `temporary_person_account`) VALUES (6048509697265664, '海洋工程1号', '413568920', '[\"safety_manager\", \"operation_manager\", \"tech_director\"]', 'SYSTEM_ADMIN', '超级管理员', 'SYSTEM_ADMIN', '超级管理员', '2025-11-18 11:13:32', '2025-11-21 10:45:28', 'delete', 0, NULL);
INSERT INTO `vessel_person_relation` (`id`, `vessel_name`, `vessel_mmsi`, `person_account`, `created_user_id`, `created_user_name`, `update_user_id`, `update_user_name`, `created_at`, `updated_at`, `status`, `voyage_record_id`, `temporary_person_account`) VALUES (6073150633873408, '海洋运输2号', '413568921', '[\"tech_director\", \"weather_monitor\", \"safety_officer\"]', 'SYSTEM_ADMIN', '超级管理员', 'SYSTEM_ADMIN', '超级管理员', '2025-11-20 15:26:48', '2025-11-20 11:51:59', 'active', 0, NULL);
INSERT INTO `vessel_person_relation` (`id`, `vessel_name`, `vessel_mmsi`, `person_account`, `created_user_id`, `created_user_name`, `update_user_id`, `update_user_name`, `created_at`, `updated_at`, `status`, `voyage_record_id`, `temporary_person_account`) VALUES (6073464495869952, '海洋运输2号', '413568921', '[\"vessel_captain\", \"weather_monitor\"]', 'SYSTEM_ADMIN', '超级管理员', 'SYSTEM_ADMIN', '超级管理员', '2025-11-20 16:06:42', '2025-11-20 11:51:59', 'active', 0, NULL);
INSERT INTO `vessel_person_relation` (`id`, `vessel_name`, `vessel_mmsi`, `person_account`, `created_user_id`, `created_user_name`, `update_user_id`, `update_user_name`, `created_at`, `updated_at`, `status`, `voyage_record_id`, `temporary_person_account`) VALUES (6073574551916544, '海巡31号 (更新jj)', '413568924', '[\"admin\", \"operation_manager\", \"vessel_captain\"]', 'SYSTEM_ADMIN', '超级管理员', 'SYSTEM_ADMIN', '超级管理员', '2025-11-20 16:20:42', '2025-11-20 11:51:59', 'active', 0, NULL);
INSERT INTO `vessel_person_relation` (`id`, `vessel_name`, `vessel_mmsi`, `person_account`, `created_user_id`, `created_user_name`, `update_user_id`, `update_user_name`, `created_at`, `updated_at`, `status`, `voyage_record_id`, `temporary_person_account`) VALUES (6073739735928832, '海洋运输2号', '413568921', '[\"engineer_lead\"]', 'SYSTEM_ADMIN', '超级管理员', 'SYSTEM_ADMIN', '超级管理员', '2025-11-20 16:41:42', '2025-11-20 16:41:42', 'active', 0, NULL);
INSERT INTO `vessel_person_relation` (`id`, `vessel_name`, `vessel_mmsi`, `person_account`, `created_user_id`, `created_user_name`, `update_user_id`, `update_user_name`, `created_at`, `updated_at`, `status`, `voyage_record_id`, `temporary_person_account`) VALUES (6073763224817664, '海巡31号 (更新jj)', '413568924', '[\"safety_officer\", \"engineer_lead\"]', 'SYSTEM_ADMIN', '超级管理员', 'SYSTEM_ADMIN', '超级管理员', '2025-11-20 16:44:41', '2025-11-20 16:44:41', 'active', 0, NULL);
INSERT INTO `vessel_person_relation` (`id`, `vessel_name`, `vessel_mmsi`, `person_account`, `created_user_id`, `created_user_name`, `update_user_id`, `update_user_name`, `created_at`, `updated_at`, `status`, `voyage_record_id`, `temporary_person_account`) VALUES (6073829291921408, '海洋工程1号', '413568920', '[\"safety_manager\", \"operation_manager\", \"tech_director\"]', 'SYSTEM_ADMIN', '超级管理员', 'SYSTEM_ADMIN', '超级管理员', '2025-11-20 16:53:05', '2025-11-21 10:45:28', 'delete', 0, NULL);
INSERT INTO `vessel_person_relation` (`id`, `vessel_name`, `vessel_mmsi`, `person_account`, `created_user_id`, `created_user_name`, `update_user_id`, `update_user_name`, `created_at`, `updated_at`, `status`, `voyage_record_id`, `temporary_person_account`) VALUES (6073837568593920, '海洋工程1号', '413568920', '[\"safety_manager\", \"operation_manager\", \"tech_director\"]', 'SYSTEM_ADMIN', '超级管理员', 'SYSTEM_ADMIN', '超级管理员', '2025-11-20 16:54:08', '2025-11-21 10:45:28', 'delete', 0, NULL);
INSERT INTO `vessel_person_relation` (`id`, `vessel_name`, `vessel_mmsi`, `person_account`, `created_user_id`, `created_user_name`, `update_user_id`, `update_user_name`, `created_at`, `updated_at`, `status`, `voyage_record_id`, `temporary_person_account`) VALUES (6073917964226560, '海洋运输2号', '413568921', '[\"safety_officer\", \"weather_monitor\"]', 'SYSTEM_ADMIN', '超级管理员', 'SYSTEM_ADMIN', '超级管理员', '2025-11-20 17:04:22', '2025-11-20 17:04:22', 'active', 0, NULL);
INSERT INTO `vessel_person_relation` (`id`, `vessel_name`, `vessel_mmsi`, `person_account`, `created_user_id`, `created_user_name`, `update_user_id`, `update_user_name`, `created_at`, `updated_at`, `status`, `voyage_record_id`, `temporary_person_account`) VALUES (6073932047650816, '海洋运输2号', '413568921', '[\"safety_officer\", \"weather_monitor\"]', 'SYSTEM_ADMIN', '超级管理员', 'SYSTEM_ADMIN', '超级管理员', '2025-11-20 17:06:09', '2025-11-20 17:06:09', 'active', 0, NULL);
INSERT INTO `vessel_person_relation` (`id`, `vessel_name`, `vessel_mmsi`, `person_account`, `created_user_id`, `created_user_name`, `update_user_id`, `update_user_name`, `created_at`, `updated_at`, `status`, `voyage_record_id`, `temporary_person_account`) VALUES (6073935542554624, '海洋运输2号', '413568921', '[\"safety_officer\", \"weather_monitor\"]', 'SYSTEM_ADMIN', '超级管理员', 'SYSTEM_ADMIN', '超级管理员', '2025-11-20 17:06:36', '2025-11-20 17:06:36', 'active', 0, NULL);
INSERT INTO `vessel_person_relation` (`id`, `vessel_name`, `vessel_mmsi`, `person_account`, `created_user_id`, `created_user_name`, `update_user_id`, `update_user_name`, `created_at`, `updated_at`, `status`, `voyage_record_id`, `temporary_person_account`) VALUES (6074859295412224, '海洋工程1号', '413568920', '[\"safety_manager\", \"operation_manager\", \"tech_director\"]', 'SYSTEM_ADMIN', '超级管理员', 'SYSTEM_ADMIN', '超级管理员', '2025-11-20 19:04:04', '2025-11-21 10:45:28', 'delete', 0, NULL);
INSERT INTO `vessel_person_relation` (`id`, `vessel_name`, `vessel_mmsi`, `person_account`, `created_user_id`, `created_user_name`, `update_user_id`, `update_user_name`, `created_at`, `updated_at`, `status`, `voyage_record_id`, `temporary_person_account`) VALUES (6074861407637504, '海洋工程1号', '413568920', '[\"safety_manager\", \"operation_manager\", \"tech_director\"]', 'SYSTEM_ADMIN', '超级管理员', 'SYSTEM_ADMIN', '超级管理员', '2025-11-20 19:04:20', '2025-11-21 10:45:28', 'delete', 0, NULL);
INSERT INTO `vessel_person_relation` (`id`, `vessel_name`, `vessel_mmsi`, `person_account`, `created_user_id`, `created_user_name`, `update_user_id`, `update_user_name`, `created_at`, `updated_at`, `status`, `voyage_record_id`, `temporary_person_account`) VALUES (6074865085255680, '海洋工程1号', '413568920', '[\"safety_manager\", \"operation_manager\", \"tech_director\"]', 'SYSTEM_ADMIN', '超级管理员', 'SYSTEM_ADMIN', '超级管理员', '2025-11-20 19:04:48', '2025-11-21 10:45:28', 'delete', 0, NULL);
INSERT INTO `vessel_person_relation` (`id`, `vessel_name`, `vessel_mmsi`, `person_account`, `created_user_id`, `created_user_name`, `update_user_id`, `update_user_name`, `created_at`, `updated_at`, `status`, `voyage_record_id`, `temporary_person_account`) VALUES (6082474840363008, '海巡31号 (只改名字的更新)', '413568924', '[\"account_person1\", \"account_person2\"]', 'SYSTEM_ADMIN', '超级管理员', 'SYSTEM_ADMIN', '超级管理员', '2025-11-21 11:12:26', '2025-11-21 03:12:56', 'delete', 6006673446866944, '[\"account_temp1\"]');
INSERT INTO `vessel_person_relation` (`id`, `vessel_name`, `vessel_mmsi`, `person_account`, `created_user_id`, `created_user_name`, `update_user_id`, `update_user_name`, `created_at`, `updated_at`, `status`, `voyage_record_id`, `temporary_person_account`) VALUES (6082478848544768, '海巡31号', '413568924', '[\"account_person1\", \"account_person2\"]', 'SYSTEM_ADMIN', '超级管理员', 'SYSTEM_ADMIN', '超级管理员', '2025-11-21 11:12:56', '2025-11-21 03:16:03', 'delete', 6006673446866944, '[\"account_temp1\"]');
INSERT INTO `vessel_person_relation` (`id`, `vessel_name`, `vessel_mmsi`, `person_account`, `created_user_id`, `created_user_name`, `update_user_id`, `update_user_name`, `created_at`, `updated_at`, `status`, `voyage_record_id`, `temporary_person_account`) VALUES (6082503338561536, '海巡31号', '413568924', '[\"account_person1\", \"account_person2\"]', 'SYSTEM_ADMIN', '超级管理员', 'SYSTEM_ADMIN', '超级管理员', '2025-11-21 11:16:03', '2025-11-21 03:18:41', 'delete', 6006673446866944, '[\"account_temp1\"]');
INSERT INTO `vessel_person_relation` (`id`, `vessel_name`, `vessel_mmsi`, `person_account`, `created_user_id`, `created_user_name`, `update_user_id`, `update_user_name`, `created_at`, `updated_at`, `status`, `voyage_record_id`, `temporary_person_account`) VALUES (6082524091191296, '海巡31号', '413568924', '[\"account_person1\", \"account_person2\"]', 'SYSTEM_ADMIN', '超级管理员', 'SYSTEM_ADMIN', '超级管理员', '2025-11-21 11:18:41', '2025-11-21 03:22:17', 'delete', 6006673446866944, '[\"account_temp1\"]');
INSERT INTO `vessel_person_relation` (`id`, `vessel_name`, `vessel_mmsi`, `person_account`, `created_user_id`, `created_user_name`, `update_user_id`, `update_user_name`, `created_at`, `updated_at`, `status`, `voyage_record_id`, `temporary_person_account`) VALUES (6082552434200576, '海巡31号', '413568924', '[\"account_person1\", \"account_person2\"]', 'SYSTEM_ADMIN', '超级管理员', 'SYSTEM_ADMIN', '超级管理员', '2025-11-21 11:22:18', '2025-11-21 03:23:47', 'delete', 6006673446866944, '[\"account_temp1\"]');
INSERT INTO `vessel_person_relation` (`id`, `vessel_name`, `vessel_mmsi`, `person_account`, `created_user_id`, `created_user_name`, `update_user_id`, `update_user_name`, `created_at`, `updated_at`, `status`, `voyage_record_id`, `temporary_person_account`) VALUES (6082564191227904, '海巡31号', '413568924', '[\"account_person1\", \"account_person2\"]', 'SYSTEM_ADMIN', '超级管理员', 'SYSTEM_ADMIN', '超级管理员', '2025-11-21 11:23:47', '2025-11-21 03:25:17', 'delete', 6006673446866944, '[\"account_temp1\"]');
INSERT INTO `vessel_person_relation` (`id`, `vessel_name`, `vessel_mmsi`, `person_account`, `created_user_id`, `created_user_name`, `update_user_id`, `update_user_name`, `created_at`, `updated_at`, `status`, `voyage_record_id`, `temporary_person_account`) VALUES (6082575948648448, '海巡31号', '413568924', '[\"account_person1\", \"account_person2\"]', 'SYSTEM_ADMIN', '超级管理员', 'SYSTEM_ADMIN', '超级管理员', '2025-11-21 11:25:17', '2025-11-21 06:37:30', 'delete', 6006673446866944, '[\"account_temp1\"]');
INSERT INTO `vessel_person_relation` (`id`, `vessel_name`, `vessel_mmsi`, `person_account`, `created_user_id`, `created_user_name`, `update_user_id`, `update_user_name`, `created_at`, `updated_at`, `status`, `voyage_record_id`, `temporary_person_account`) VALUES (6084087710552064, '海巡31号(update)', '413568924', '[\"account_person1\", \"account_person2\"]', 'SYSTEM_ADMIN', '超级管理员', 'SYSTEM_ADMIN', '超级管理员', '2025-11-21 14:37:31', '2025-11-21 06:37:48', 'delete', 6006673446866944, '[\"account_temp1\"]');
INSERT INTO `vessel_person_relation` (`id`, `vessel_name`, `vessel_mmsi`, `person_account`, `created_user_id`, `created_user_name`, `update_user_id`, `update_user_name`, `created_at`, `updated_at`, `status`, `voyage_record_id`, `temporary_person_account`) VALUES (6084090073255936, '海巡31号', '413568924', '[\"account_person1\", \"account_person2\"]', 'SYSTEM_ADMIN', '超级管理员', 'SYSTEM_ADMIN', '超级管理员', '2025-11-21 14:37:49', '2025-11-21 07:34:59', 'delete', 6006673446866944, '[\"account_temp1\"]');
INSERT INTO `vessel_person_relation` (`id`, `vessel_name`, `vessel_mmsi`, `person_account`, `created_user_id`, `created_user_name`, `update_user_id`, `update_user_name`, `created_at`, `updated_at`, `status`, `voyage_record_id`, `temporary_person_account`) VALUES (6084539677216768, '海巡31号(更新)', '413568924', '[\"account_person1\", \"account_person2\"]', 'SYSTEM_ADMIN', '超级管理员', 'SYSTEM_ADMIN', '超级管理员', '2025-11-21 15:34:59', '2025-11-21 07:35:33', 'delete', 6006673446866944, '[\"account_temp1\"]');
INSERT INTO `vessel_person_relation` (`id`, `vessel_name`, `vessel_mmsi`, `person_account`, `created_user_id`, `created_user_name`, `update_user_id`, `update_user_name`, `created_at`, `updated_at`, `status`, `voyage_record_id`, `temporary_person_account`) VALUES (6084544128946176, '海巡31号(更新)', '413568924', '[\"account_person1\", \"account_person2\"]', 'SYSTEM_ADMIN', '超级管理员', 'SYSTEM_ADMIN', '超级管理员', '2025-11-21 15:35:33', '2025-11-21 07:55:17', 'delete', 6006673446866944, '[\"account_temp1\"]');
INSERT INTO `vessel_person_relation` (`id`, `vessel_name`, `vessel_mmsi`, `person_account`, `created_user_id`, `created_user_name`, `update_user_id`, `update_user_name`, `created_at`, `updated_at`, `status`, `voyage_record_id`, `temporary_person_account`) VALUES (6084699431702528, '海巡31号 (只改名字的更新)', '413568924', '[\"account_person1\", \"account_person2\"]', 'SYSTEM_ADMIN', '超级管理员', 'SYSTEM_ADMIN', '超级管理员', '2025-11-21 15:55:18', '2025-11-21 07:56:16', 'delete', 6006673446866944, '[\"account_temp1\"]');
INSERT INTO `vessel_person_relation` (`id`, `vessel_name`, `vessel_mmsi`, `person_account`, `created_user_id`, `created_user_name`, `update_user_id`, `update_user_name`, `created_at`, `updated_at`, `status`, `voyage_record_id`, `temporary_person_account`) VALUES (6084707097579520, '海巡31号 (只改名字的更新)', '413568924', '[\"account_person1\", \"account_person2\"]', 'SYSTEM_ADMIN', '超级管理员', 'SYSTEM_ADMIN', '超级管理员', '2025-11-21 15:56:16', '2025-11-21 08:00:32', 'delete', 6006673446866944, '[\"account_temp1\"]');
INSERT INTO `vessel_person_relation` (`id`, `vessel_name`, `vessel_mmsi`, `person_account`, `created_user_id`, `created_user_name`, `update_user_id`, `update_user_name`, `created_at`, `updated_at`, `status`, `voyage_record_id`, `temporary_person_account`) VALUES (6084740662759424, '海巡31号 (只改名字的更新)', '413568924', '[\"account_person1\", \"account_person2\"]', 'SYSTEM_ADMIN', '超级管理员', 'SYSTEM_ADMIN', '超级管理员', '2025-11-21 16:00:32', '2025-11-21 08:05:01', 'delete', 6006673446866944, '[\"account_temp1\"]');
INSERT INTO `vessel_person_relation` (`id`, `vessel_name`, `vessel_mmsi`, `person_account`, `created_user_id`, `created_user_name`, `update_user_id`, `update_user_name`, `created_at`, `updated_at`, `status`, `voyage_record_id`, `temporary_person_account`) VALUES (6084775944851456, '海巡31号 (只改名字的更新)', '413568924', '[\"account_person1\", \"account_person2\"]', 'SYSTEM_ADMIN', '超级管理员', 'SYSTEM_ADMIN', '超级管理员', '2025-11-21 16:05:02', '2025-11-21 08:09:10', 'delete', 6006673446866944, '[\"account_temp1\"]');
INSERT INTO `vessel_person_relation` (`id`, `vessel_name`, `vessel_mmsi`, `person_account`, `created_user_id`, `created_user_name`, `update_user_id`, `update_user_name`, `created_at`, `updated_at`, `status`, `voyage_record_id`, `temporary_person_account`) VALUES (6084808500252672, '海巡31号 (只改名字的更新)', '413568924', '[\"account_person1\", \"account_person2\"]', 'SYSTEM_ADMIN', '超级管理员', 'SYSTEM_ADMIN', '超级管理员', '2025-11-21 16:09:10', '2025-11-21 08:35:09', 'delete', 6006673446866944, '[\"account_temp1\"]');
INSERT INTO `vessel_person_relation` (`id`, `vessel_name`, `vessel_mmsi`, `person_account`, `created_user_id`, `created_user_name`, `update_user_id`, `update_user_name`, `created_at`, `updated_at`, `status`, `voyage_record_id`, `temporary_person_account`) VALUES (6085012855263232, '海巡31号 (只改名字的更新)', '413568924', '[\"account_person1\", \"account_person2\"]', 'SYSTEM_ADMIN', '超级管理员', 'SYSTEM_ADMIN', '超级管理员', '2025-11-21 16:35:09', '2025-11-21 08:35:21', 'delete', 6006673446866944, '[\"account_temp1\"]');
INSERT INTO `vessel_person_relation` (`id`, `vessel_name`, `vessel_mmsi`, `person_account`, `created_user_id`, `created_user_name`, `update_user_id`, `update_user_name`, `created_at`, `updated_at`, `status`, `voyage_record_id`, `temporary_person_account`) VALUES (6085014482784256, '海巡31号', '413568924', '[\"account_person1\", \"account_person2\"]', 'SYSTEM_ADMIN', '超级管理员', 'SYSTEM_ADMIN', '超级管理员', '2025-11-21 16:35:22', '2025-11-21 10:23:25', 'delete', 6006673446866944, '[\"account_temp1\"]');
INSERT INTO `vessel_person_relation` (`id`, `vessel_name`, `vessel_mmsi`, `person_account`, `created_user_id`, `created_user_name`, `update_user_id`, `update_user_name`, `created_at`, `updated_at`, `status`, `voyage_record_id`, `temporary_person_account`) VALUES (6085864357040128, '海巡31号', '413568924', '[\"account_person1\", \"account_person2\"]', 'SYSTEM_ADMIN', '超级管理员', 'SYSTEM_ADMIN', '超级管理员', '2025-11-21 18:23:26', '2025-11-21 10:33:04', 'delete', 6006673446866944, '[\"account_temp1\"]');
INSERT INTO `vessel_person_relation` (`id`, `vessel_name`, `vessel_mmsi`, `person_account`, `created_user_id`, `created_user_name`, `update_user_id`, `update_user_name`, `created_at`, `updated_at`, `status`, `voyage_record_id`, `temporary_person_account`) VALUES (6085940196741120, '海巡31号', '413568924', '[\"account_person1\", \"account_person2\"]', 'SYSTEM_ADMIN', '超级管理员', 'SYSTEM_ADMIN', '超级管理员', '2025-11-21 18:33:04', '2025-11-21 11:26:51', 'delete', 6006673446866944, '[\"account_temp1\"]');
INSERT INTO `vessel_person_relation` (`id`, `vessel_name`, `vessel_mmsi`, `person_account`, `created_user_id`, `created_user_name`, `update_user_id`, `update_user_name`, `created_at`, `updated_at`, `status`, `voyage_record_id`, `temporary_person_account`) VALUES (6086037763985408, '海洋工程1号', '413568920', '[\"safety_manager\", \"operation_manager\", \"tech_director\"]', 'SYSTEM_ADMIN', '超级管理员', 'SYSTEM_ADMIN', '超级管理员', '2025-11-21 18:45:29', '2025-11-21 10:45:29', 'delete', NULL, NULL);
INSERT INTO `vessel_person_relation` (`id`, `vessel_name`, `vessel_mmsi`, `person_account`, `created_user_id`, `created_user_name`, `update_user_id`, `update_user_name`, `created_at`, `updated_at`, `status`, `voyage_record_id`, `temporary_person_account`) VALUES (6086037929398272, '海洋工程1号', '413568920', '[\"safety_manager\", \"operation_manager\", \"tech_director\"]', 'SYSTEM_ADMIN', '超级管理员', 'SYSTEM_ADMIN', '超级管理员', '2025-11-21 18:45:30', '2025-11-21 10:45:30', 'delete', NULL, NULL);
INSERT INTO `vessel_person_relation` (`id`, `vessel_name`, `vessel_mmsi`, `person_account`, `created_user_id`, `created_user_name`, `update_user_id`, `update_user_name`, `created_at`, `updated_at`, `status`, `voyage_record_id`, `temporary_person_account`) VALUES (6086038078951424, '海洋工程1号', '413568920', '[\"safety_manager\", \"operation_manager\", \"tech_director\"]', 'SYSTEM_ADMIN', '超级管理员', 'SYSTEM_ADMIN', '超级管理员', '2025-11-21 18:45:31', '2025-11-21 10:45:31', 'delete', NULL, NULL);
INSERT INTO `vessel_person_relation` (`id`, `vessel_name`, `vessel_mmsi`, `person_account`, `created_user_id`, `created_user_name`, `update_user_id`, `update_user_name`, `created_at`, `updated_at`, `status`, `voyage_record_id`, `temporary_person_account`) VALUES (6086038146322432, '海洋工程1号', '413568920', '[\"safety_manager\", \"operation_manager\", \"tech_director\"]', 'SYSTEM_ADMIN', '超级管理员', 'SYSTEM_ADMIN', '超级管理员', '2025-11-21 18:45:31', '2025-11-21 12:29:45', 'delete', NULL, NULL);
INSERT INTO `vessel_person_relation` (`id`, `vessel_name`, `vessel_mmsi`, `person_account`, `created_user_id`, `created_user_name`, `update_user_id`, `update_user_name`, `created_at`, `updated_at`, `status`, `voyage_record_id`, `temporary_person_account`) VALUES (6086059414589440, '测试导入船舶', '12312', '[\"operation_manager\"]', 'SYSTEM_ADMIN', '超级管理员', 'SYSTEM_ADMIN', '超级管理员', '2025-11-21 18:48:14', '2025-11-21 10:48:13', 'delete', NULL, NULL);
INSERT INTO `vessel_person_relation` (`id`, `vessel_name`, `vessel_mmsi`, `person_account`, `created_user_id`, `created_user_name`, `update_user_id`, `update_user_name`, `created_at`, `updated_at`, `status`, `voyage_record_id`, `temporary_person_account`) VALUES (6086059440148480, '测试导入船舶', '12312', '[\"operation_manager\"]', 'SYSTEM_ADMIN', '超级管理员', 'SYSTEM_ADMIN', '超级管理员', '2025-11-21 18:48:14', '2025-11-21 10:48:28', 'delete', NULL, NULL);
INSERT INTO `vessel_person_relation` (`id`, `vessel_name`, `vessel_mmsi`, `person_account`, `created_user_id`, `created_user_name`, `update_user_id`, `update_user_name`, `created_at`, `updated_at`, `status`, `voyage_record_id`, `temporary_person_account`) VALUES (6086061386698752, '测试导入船舶', '12312', '[\"weather_monitor\"]', 'SYSTEM_ADMIN', '超级管理员', 'SYSTEM_ADMIN', '超级管理员', '2025-11-21 18:48:29', '2025-11-21 10:48:30', 'delete', NULL, NULL);
INSERT INTO `vessel_person_relation` (`id`, `vessel_name`, `vessel_mmsi`, `person_account`, `created_user_id`, `created_user_name`, `update_user_id`, `update_user_name`, `created_at`, `updated_at`, `status`, `voyage_record_id`, `temporary_person_account`) VALUES (6086061629050880, '测试导入船舶', '12312', '[\"weather_monitor\"]', 'SYSTEM_ADMIN', '超级管理员', 'SYSTEM_ADMIN', '超级管理员', '2025-11-21 18:48:31', '2025-11-21 10:50:48', 'delete', NULL, NULL);
INSERT INTO `vessel_person_relation` (`id`, `vessel_name`, `vessel_mmsi`, `person_account`, `created_user_id`, `created_user_name`, `update_user_id`, `update_user_name`, `created_at`, `updated_at`, `status`, `voyage_record_id`, `temporary_person_account`) VALUES (6086079669800960, '测试导入船舶', '12312', '[\"weather_monitor\"]', 'SYSTEM_ADMIN', '超级管理员', 'SYSTEM_ADMIN', '超级管理员', '2025-11-21 18:50:48', '2025-11-21 10:50:57', 'delete', NULL, NULL);
INSERT INTO `vessel_person_relation` (`id`, `vessel_name`, `vessel_mmsi`, `person_account`, `created_user_id`, `created_user_name`, `update_user_id`, `update_user_name`, `created_at`, `updated_at`, `status`, `voyage_record_id`, `temporary_person_account`) VALUES (6086080849448960, '测试导入船舶', '12312', '[\"weather_monitor\"]', 'SYSTEM_ADMIN', '超级管理员', 'SYSTEM_ADMIN', '超级管理员', '2025-11-21 18:50:57', '2025-11-21 10:53:37', 'delete', NULL, NULL);
INSERT INTO `vessel_person_relation` (`id`, `vessel_name`, `vessel_mmsi`, `person_account`, `created_user_id`, `created_user_name`, `update_user_id`, `update_user_name`, `created_at`, `updated_at`, `status`, `voyage_record_id`, `temporary_person_account`) VALUES (6086101813104640, '测试导入船舶', '12312', '[\"weather_monitor\"]', 'SYSTEM_ADMIN', '超级管理员', 'SYSTEM_ADMIN', '超级管理员', '2025-11-21 18:53:37', '2025-11-21 10:54:02', 'delete', NULL, NULL);
INSERT INTO `vessel_person_relation` (`id`, `vessel_name`, `vessel_mmsi`, `person_account`, `created_user_id`, `created_user_name`, `update_user_id`, `update_user_name`, `created_at`, `updated_at`, `status`, `voyage_record_id`, `temporary_person_account`) VALUES (6086105096589312, '测试导入船舶', '12312', '[\"weather_monitor\"]', 'SYSTEM_ADMIN', '超级管理员', 'SYSTEM_ADMIN', '超级管理员', '2025-11-21 18:54:02', '2025-11-21 10:55:12', 'delete', NULL, NULL);
INSERT INTO `vessel_person_relation` (`id`, `vessel_name`, `vessel_mmsi`, `person_account`, `created_user_id`, `created_user_name`, `update_user_id`, `update_user_name`, `created_at`, `updated_at`, `status`, `voyage_record_id`, `temporary_person_account`) VALUES (6086114350796800, '测试导入船舶', '12312', '[\"weather_monitor\"]', 'SYSTEM_ADMIN', '超级管理员', 'SYSTEM_ADMIN', '超级管理员', '2025-11-21 18:55:13', '2025-11-21 11:47:56', 'delete', NULL, NULL);
INSERT INTO `vessel_person_relation` (`id`, `vessel_name`, `vessel_mmsi`, `person_account`, `created_user_id`, `created_user_name`, `update_user_id`, `update_user_name`, `created_at`, `updated_at`, `status`, `voyage_record_id`, `temporary_person_account`) VALUES (6086218620932096, '测试船_出海', '412399999', '[\"engineer_lead\"]', 'SYSTEM_ADMIN', '超级管理员', 'SYSTEM_ADMIN', '超级管理员', '2025-11-21 19:08:28', '2025-11-21 11:08:59', 'delete', 6073935531544577, '[\"engineer_lead\"]');
INSERT INTO `vessel_person_relation` (`id`, `vessel_name`, `vessel_mmsi`, `person_account`, `created_user_id`, `created_user_name`, `update_user_id`, `update_user_name`, `created_at`, `updated_at`, `status`, `voyage_record_id`, `temporary_person_account`) VALUES (6086219113762816, '1', '1', '[\"vessel_captain\"]', 'SYSTEM_ADMIN', '超级管理员', 'SYSTEM_ADMIN', '超级管理员', '2025-11-21 19:08:32', '2025-11-21 19:08:32', 'active', NULL, NULL);
INSERT INTO `vessel_person_relation` (`id`, `vessel_name`, `vessel_mmsi`, `person_account`, `created_user_id`, `created_user_name`, `update_user_id`, `update_user_name`, `created_at`, `updated_at`, `status`, `voyage_record_id`, `temporary_person_account`) VALUES (6086222673809408, '测试船_出海', '412399999', '[\"engineer_lead\"]', 'SYSTEM_ADMIN', '超级管理员', 'SYSTEM_ADMIN', '超级管理员', '2025-11-21 19:08:59', '2025-11-21 11:09:39', 'delete', 6073935531544577, '[\"engineer_lead\"]');
INSERT INTO `vessel_person_relation` (`id`, `vessel_name`, `vessel_mmsi`, `person_account`, `created_user_id`, `created_user_name`, `update_user_id`, `update_user_name`, `created_at`, `updated_at`, `status`, `voyage_record_id`, `temporary_person_account`) VALUES (6086227991793664, '测试船_出海', '412399999', '[\"engineer_lead\"]', 'SYSTEM_ADMIN', '超级管理员', 'SYSTEM_ADMIN', '超级管理员', '2025-11-21 19:09:40', '2025-11-21 19:09:40', 'active', 6073935531544577, '[\"engineer_lead\"]');
INSERT INTO `vessel_person_relation` (`id`, `vessel_name`, `vessel_mmsi`, `person_account`, `created_user_id`, `created_user_name`, `update_user_id`, `update_user_name`, `created_at`, `updated_at`, `status`, `voyage_record_id`, `temporary_person_account`) VALUES (6086264506880000, '1', '111', '[\"safety_manager\"]', 'SYSTEM_ADMIN', '超级管理员', 'SYSTEM_ADMIN', '超级管理员', '2025-11-21 19:14:18', '2025-11-21 19:14:18', 'active', NULL, NULL);
INSERT INTO `vessel_person_relation` (`id`, `vessel_name`, `vessel_mmsi`, `person_account`, `created_user_id`, `created_user_name`, `update_user_id`, `update_user_name`, `created_at`, `updated_at`, `status`, `voyage_record_id`, `temporary_person_account`) VALUES (6086363242500096, '海巡31号', '413568924', '[\"account_person1\", \"account_person2\"]', 'SYSTEM_ADMIN', '超级管理员', 'SYSTEM_ADMIN', '超级管理员', '2025-11-21 19:26:52', '2025-11-21 11:48:38', 'delete', 6006673446866944, '[\"account_temp1\"]');
INSERT INTO `vessel_person_relation` (`id`, `vessel_name`, `vessel_mmsi`, `person_account`, `created_user_id`, `created_user_name`, `update_user_id`, `update_user_name`, `created_at`, `updated_at`, `status`, `voyage_record_id`, `temporary_person_account`) VALUES (6086529036914688, '测试导入船舶', '12312', '[\"weather_monitor\"]', 'SYSTEM_ADMIN', '超级管理员', 'SYSTEM_ADMIN', '超级管理员', '2025-11-21 19:47:57', '2025-11-21 11:47:58', 'delete', NULL, NULL);
INSERT INTO `vessel_person_relation` (`id`, `vessel_name`, `vessel_mmsi`, `person_account`, `created_user_id`, `created_user_name`, `update_user_id`, `update_user_name`, `created_at`, `updated_at`, `status`, `voyage_record_id`, `temporary_person_account`) VALUES (6086529316884480, '测试导入船舶', '12312', '[\"weather_monitor\"]', 'SYSTEM_ADMIN', '超级管理员', 'SYSTEM_ADMIN', '超级管理员', '2025-11-21 19:47:59', '2025-11-21 11:52:45', 'delete', NULL, NULL);
INSERT INTO `vessel_person_relation` (`id`, `vessel_name`, `vessel_mmsi`, `person_account`, `created_user_id`, `created_user_name`, `update_user_id`, `update_user_name`, `created_at`, `updated_at`, `status`, `voyage_record_id`, `temporary_person_account`) VALUES (6086534512447488, '海巡31号', '413568924', '[\"account_person1\", \"account_person2\"]', 'SYSTEM_ADMIN', '超级管理员', 'SYSTEM_ADMIN', '超级管理员', '2025-11-21 19:48:38', '2025-11-21 12:17:39', 'delete', 6006673446866944, '[\"account_temp1\"]');
INSERT INTO `vessel_person_relation` (`id`, `vessel_name`, `vessel_mmsi`, `person_account`, `created_user_id`, `created_user_name`, `update_user_id`, `update_user_name`, `created_at`, `updated_at`, `status`, `voyage_record_id`, `temporary_person_account`) VALUES (6086566848958464, '测试导入船舶', '12312', '[\"weather_monitor\"]', 'SYSTEM_ADMIN', '超级管理员', 'SYSTEM_ADMIN', '超级管理员', '2025-11-21 19:52:45', '2025-11-21 11:52:51', 'delete', NULL, NULL);
INSERT INTO `vessel_person_relation` (`id`, `vessel_name`, `vessel_mmsi`, `person_account`, `created_user_id`, `created_user_name`, `update_user_id`, `update_user_name`, `created_at`, `updated_at`, `status`, `voyage_record_id`, `temporary_person_account`) VALUES (6086567724650496, '测试导入船舶', '12312', '[]', 'SYSTEM_ADMIN', '超级管理员', 'SYSTEM_ADMIN', '超级管理员', '2025-11-21 19:52:52', '2025-11-21 12:01:17', 'delete', NULL, NULL);
INSERT INTO `vessel_person_relation` (`id`, `vessel_name`, `vessel_mmsi`, `person_account`, `created_user_id`, `created_user_name`, `update_user_id`, `update_user_name`, `created_at`, `updated_at`, `status`, `voyage_record_id`, `temporary_person_account`) VALUES (6086634071068672, '测试导入船舶', '12312', '[]', 'SYSTEM_ADMIN', '超级管理员', 'SYSTEM_ADMIN', '超级管理员', '2025-11-21 20:01:18', '2025-11-21 20:01:18', 'active', NULL, NULL);
INSERT INTO `vessel_person_relation` (`id`, `vessel_name`, `vessel_mmsi`, `person_account`, `created_user_id`, `created_user_name`, `update_user_id`, `update_user_name`, `created_at`, `updated_at`, `status`, `voyage_record_id`, `temporary_person_account`) VALUES (6086634956328960, '海洋维护3号', '413568922', '[\"safety_officer\", \"engineer_lead\"]', 'SYSTEM_ADMIN', '超级管理员', 'SYSTEM_ADMIN', '超级管理员', '2025-11-21 20:01:25', '2025-11-21 20:01:25', 'active', NULL, NULL);
INSERT INTO `vessel_person_relation` (`id`, `vessel_name`, `vessel_mmsi`, `person_account`, `created_user_id`, `created_user_name`, `update_user_id`, `update_user_name`, `created_at`, `updated_at`, `status`, `voyage_record_id`, `temporary_person_account`) VALUES (6086699196289024, '123123', '123', '[\"operation_manager\"]', 'SYSTEM_ADMIN', '超级管理员', 'SYSTEM_ADMIN', '超级管理员', '2025-11-21 20:09:35', '2025-11-21 20:09:35', 'active', NULL, NULL);
INSERT INTO `vessel_person_relation` (`id`, `vessel_name`, `vessel_mmsi`, `person_account`, `created_user_id`, `created_user_name`, `update_user_id`, `update_user_name`, `created_at`, `updated_at`, `status`, `voyage_record_id`, `temporary_person_account`) VALUES (6086761675689984, '海洋工程1号', '413568920', '[\"operation_manager\"]', 'SYSTEM_ADMIN', '超级管理员', 'SYSTEM_ADMIN', '超级管理员', '2025-11-21 20:17:32', '2025-11-21 12:29:45', 'delete', 6086761666252800, '[\"tech_director\"]');
INSERT INTO `vessel_person_relation` (`id`, `vessel_name`, `vessel_mmsi`, `person_account`, `created_user_id`, `created_user_name`, `update_user_id`, `update_user_name`, `created_at`, `updated_at`, `status`, `voyage_record_id`, `temporary_person_account`) VALUES (6086762735669248, '海巡31号', '413568924', '[\"account_person1\", \"account_person2\"]', 'SYSTEM_ADMIN', '超级管理员', 'SYSTEM_ADMIN', '超级管理员', '2025-11-21 20:17:40', '2025-11-21 12:30:06', 'delete', 6006673446866944, '[\"account_temp1\"]');
INSERT INTO `vessel_person_relation` (`id`, `vessel_name`, `vessel_mmsi`, `person_account`, `created_user_id`, `created_user_name`, `update_user_id`, `update_user_name`, `created_at`, `updated_at`, `status`, `voyage_record_id`, `temporary_person_account`) VALUES (6086857932083200, '海洋工程1号', '413568920', '[\"safety_manager\", \"operation_manager\", \"tech_director\"]', 'SYSTEM_ADMIN', '超级管理员', 'SYSTEM_ADMIN', '超级管理员', '2025-11-21 20:29:46', '2025-11-21 20:29:46', 'active', NULL, NULL);
INSERT INTO `vessel_person_relation` (`id`, `vessel_name`, `vessel_mmsi`, `person_account`, `created_user_id`, `created_user_name`, `update_user_id`, `update_user_name`, `created_at`, `updated_at`, `status`, `voyage_record_id`, `temporary_person_account`) VALUES (6086860623777792, '海巡31号', '413568924', '[\"account_person1\", \"account_person2\"]', 'SYSTEM_ADMIN', '超级管理员', 'SYSTEM_ADMIN', '超级管理员', '2025-11-21 20:30:06', '2025-11-21 20:30:06', 'active', 6006673446866944, '[\"account_temp1\"]');
INSERT INTO `vessel_person_relation` (`id`, `vessel_name`, `vessel_mmsi`, `person_account`, `created_user_id`, `created_user_name`, `update_user_id`, `update_user_name`, `created_at`, `updated_at`, `status`, `voyage_record_id`, `temporary_person_account`) VALUES (6119380282052608, '测试船舶', '131028', '[\"admin\", \"operation_manager\"]', 'SYSTEM_ADMIN', '超级管理员', 'SYSTEM_ADMIN', '超级管理员', '2025-11-24 17:25:12', '2025-11-24 17:25:12', 'active', NULL, NULL);
INSERT INTO `vessel_person_relation` (`id`, `vessel_name`, `vessel_mmsi`, `person_account`, `created_user_id`, `created_user_name`, `update_user_id`, `update_user_name`, `created_at`, `updated_at`, `status`, `voyage_record_id`, `temporary_person_account`) VALUES (6141388563091456, '测试船舶', '123455', NULL, 'SYSTEM_ADMIN', '超级管理员', 'SYSTEM_ADMIN', '超级管理员', '2025-11-26 16:03:42', '2025-11-26 16:03:42', 'active', NULL, NULL);
COMMIT;

-- ----------------------------
-- Table structure for vessel_site_record
-- ----------------------------
DROP TABLE IF EXISTS `vessel_site_record`;
CREATE TABLE `vessel_site_record` (
  `id` bigint(20) NOT NULL AUTO_INCREMENT COMMENT '主键ID',
  `vessel_mmsi` varchar(50) NOT NULL COMMENT '船舶识别码',
  `in_time` date DEFAULT NULL COMMENT '进场开始时间',
  `out_time` date DEFAULT NULL COMMENT '出场结束时间',
  `created_user_id` varchar(50) DEFAULT NULL COMMENT '创建人ID标识',
  `created_user_name` varchar(100) DEFAULT NULL COMMENT '创建人名称',
  `update_user_id` varchar(50) DEFAULT NULL COMMENT '修改人ID标识',
  `update_user_name` varchar(100) DEFAULT NULL COMMENT '修改人名称',
  `created_at` datetime DEFAULT CURRENT_TIMESTAMP COMMENT '创建时间',
  `updated_at` datetime DEFAULT CURRENT_TIMESTAMP ON UPDATE CURRENT_TIMESTAMP COMMENT '更新时间',
  `status` varchar(20) DEFAULT 'active' COMMENT '状态（active-正常，delete-已删除）',
  PRIMARY KEY (`id`),
  KEY `idx_vessel_mmsi` (`vessel_mmsi`),
  KEY `idx_in_time` (`in_time`),
  KEY `idx_out_time` (`out_time`),
  KEY `idx_status` (`status`)
) ENGINE=InnoDB AUTO_INCREMENT=6086857890140161 DEFAULT CHARSET=utf8mb4 COMMENT='船舶进出场记录表';

-- ----------------------------
-- Records of vessel_site_record
-- ----------------------------
BEGIN;
INSERT INTO `vessel_site_record` (`id`, `vessel_mmsi`, `in_time`, `out_time`, `created_user_id`, `created_user_name`, `update_user_id`, `update_user_name`, `created_at`, `updated_at`, `status`) VALUES (1, '413568920', '2025-11-01', '2025-11-03', 'SYSTEM_ADMIN', '超级管理员', 'SYSTEM_ADMIN', '超级管理员', '2025-11-06 12:42:12', '2025-11-18 02:28:42', 'delete');
INSERT INTO `vessel_site_record` (`id`, `vessel_mmsi`, `in_time`, `out_time`, `created_user_id`, `created_user_name`, `update_user_id`, `update_user_name`, `created_at`, `updated_at`, `status`) VALUES (2, '413568921', '2025-11-02', '2025-11-04', 'SYSTEM_ADMIN', '超级管理员', 'SYSTEM_ADMIN', '超级管理员', '2025-11-06 12:42:12', '2025-11-06 12:57:14', 'delete');
INSERT INTO `vessel_site_record` (`id`, `vessel_mmsi`, `in_time`, `out_time`, `created_user_id`, `created_user_name`, `update_user_id`, `update_user_name`, `created_at`, `updated_at`, `status`) VALUES (3, '413568922', '2025-11-03', NULL, 'SYSTEM_ADMIN', '超级管理员', 'SYSTEM_ADMIN', '超级管理员', '2025-11-06 12:42:12', '2025-11-18 02:28:21', 'delete');
INSERT INTO `vessel_site_record` (`id`, `vessel_mmsi`, `in_time`, `out_time`, `created_user_id`, `created_user_name`, `update_user_id`, `update_user_name`, `created_at`, `updated_at`, `status`) VALUES (4, '413568923', '2025-11-04', '2025-11-05', 'SYSTEM_ADMIN', '超级管理员', 'SYSTEM_ADMIN', '超级管理员', '2025-11-06 12:42:12', '2025-11-06 12:42:51', 'active');
INSERT INTO `vessel_site_record` (`id`, `vessel_mmsi`, `in_time`, `out_time`, `created_user_id`, `created_user_name`, `update_user_id`, `update_user_name`, `created_at`, `updated_at`, `status`) VALUES (5, '413568924', '2025-11-05', NULL, 'SYSTEM_ADMIN', '超级管理员', 'SYSTEM_ADMIN', '超级管理员', '2025-11-06 12:42:12', '2025-11-06 12:42:51', 'active');
INSERT INTO `vessel_site_record` (`id`, `vessel_mmsi`, `in_time`, `out_time`, `created_user_id`, `created_user_name`, `update_user_id`, `update_user_name`, `created_at`, `updated_at`, `status`) VALUES (6, '413568920', '2025-11-06', NULL, 'SYSTEM_ADMIN', '超级管理员', 'SYSTEM_ADMIN', '超级管理员', '2025-11-06 12:42:12', '2025-11-18 02:28:42', 'delete');
INSERT INTO `vessel_site_record` (`id`, `vessel_mmsi`, `in_time`, `out_time`, `created_user_id`, `created_user_name`, `update_user_id`, `update_user_name`, `created_at`, `updated_at`, `status`) VALUES (5917204631588864, '413568921', '2025-11-02', '2025-11-04', 'SYSTEM_ADMIN', '超级管理员', 'SYSTEM_ADMIN', '超级管理员', '2025-11-06 20:57:14', '2025-11-06 20:57:14', 'active');
INSERT INTO `vessel_site_record` (`id`, `vessel_mmsi`, `in_time`, `out_time`, `created_user_id`, `created_user_name`, `update_user_id`, `update_user_name`, `created_at`, `updated_at`, `status`) VALUES (6048154462916608, '413568922', '2025-11-03', '2025-11-14', 'SYSTEM_ADMIN', '超级管理员', 'SYSTEM_ADMIN', '超级管理员', '2025-11-18 10:28:22', '2025-11-21 12:01:24', 'delete');
INSERT INTO `vessel_site_record` (`id`, `vessel_mmsi`, `in_time`, `out_time`, `created_user_id`, `created_user_name`, `update_user_id`, `update_user_name`, `created_at`, `updated_at`, `status`) VALUES (6048157116600320, '413568920', '2025-11-01', '2025-11-03', 'SYSTEM_ADMIN', '超级管理员', 'SYSTEM_ADMIN', '超级管理员', '2025-11-18 10:28:42', '2025-11-18 03:13:31', 'delete');
INSERT INTO `vessel_site_record` (`id`, `vessel_mmsi`, `in_time`, `out_time`, `created_user_id`, `created_user_name`, `update_user_id`, `update_user_name`, `created_at`, `updated_at`, `status`) VALUES (6048157121449984, '413568920', '2025-11-06', '2025-11-15', 'SYSTEM_ADMIN', '超级管理员', 'SYSTEM_ADMIN', '超级管理员', '2025-11-18 10:28:42', '2025-11-18 03:13:31', 'delete');
INSERT INTO `vessel_site_record` (`id`, `vessel_mmsi`, `in_time`, `out_time`, `created_user_id`, `created_user_name`, `update_user_id`, `update_user_name`, `created_at`, `updated_at`, `status`) VALUES (6048509633302528, '413568920', '2025-11-01', '2025-11-03', 'SYSTEM_ADMIN', '超级管理员', 'SYSTEM_ADMIN', '超级管理员', '2025-11-18 11:13:32', '2025-11-20 08:53:04', 'delete');
INSERT INTO `vessel_site_record` (`id`, `vessel_mmsi`, `in_time`, `out_time`, `created_user_id`, `created_user_name`, `update_user_id`, `update_user_name`, `created_at`, `updated_at`, `status`) VALUES (6048509651521536, '413568920', '2025-11-04', '2025-11-07', 'SYSTEM_ADMIN', '超级管理员', 'SYSTEM_ADMIN', '超级管理员', '2025-11-18 11:13:32', '2025-11-20 08:53:04', 'delete');
INSERT INTO `vessel_site_record` (`id`, `vessel_mmsi`, `in_time`, `out_time`, `created_user_id`, `created_user_name`, `update_user_id`, `update_user_name`, `created_at`, `updated_at`, `status`) VALUES (6073829247356928, '413568920', '2025-11-01', '2025-11-03', 'SYSTEM_ADMIN', '超级管理员', 'SYSTEM_ADMIN', '超级管理员', '2025-11-20 16:53:05', '2025-11-20 08:54:08', 'delete');
INSERT INTO `vessel_site_record` (`id`, `vessel_mmsi`, `in_time`, `out_time`, `created_user_id`, `created_user_name`, `update_user_id`, `update_user_name`, `created_at`, `updated_at`, `status`) VALUES (6073829251813376, '413568920', '2025-11-04', '2025-11-07', 'SYSTEM_ADMIN', '超级管理员', 'SYSTEM_ADMIN', '超级管理员', '2025-11-20 16:53:05', '2025-11-20 08:54:08', 'delete');
INSERT INTO `vessel_site_record` (`id`, `vessel_mmsi`, `in_time`, `out_time`, `created_user_id`, `created_user_name`, `update_user_id`, `update_user_name`, `created_at`, `updated_at`, `status`) VALUES (6073837524291584, '413568920', '2025-11-01', '2025-11-03', 'SYSTEM_ADMIN', '超级管理员', 'SYSTEM_ADMIN', '超级管理员', '2025-11-20 16:54:08', '2025-11-20 11:04:02', 'delete');
INSERT INTO `vessel_site_record` (`id`, `vessel_mmsi`, `in_time`, `out_time`, `created_user_id`, `created_user_name`, `update_user_id`, `update_user_name`, `created_at`, `updated_at`, `status`) VALUES (6073837528616960, '413568920', '2025-11-04', '2025-11-07', 'SYSTEM_ADMIN', '超级管理员', 'SYSTEM_ADMIN', '超级管理员', '2025-11-20 16:54:08', '2025-11-20 11:04:02', 'delete');
INSERT INTO `vessel_site_record` (`id`, `vessel_mmsi`, `in_time`, `out_time`, `created_user_id`, `created_user_name`, `update_user_id`, `update_user_name`, `created_at`, `updated_at`, `status`) VALUES (6074859102212096, '413568920', '2025-11-01', '2025-11-03', 'SYSTEM_ADMIN', '超级管理员', 'SYSTEM_ADMIN', '超级管理员', '2025-11-20 19:04:02', '2025-11-20 11:04:19', 'delete');
INSERT INTO `vessel_site_record` (`id`, `vessel_mmsi`, `in_time`, `out_time`, `created_user_id`, `created_user_name`, `update_user_id`, `update_user_name`, `created_at`, `updated_at`, `status`) VALUES (6074859107454976, '413568920', '2025-11-04', '2025-11-07', 'SYSTEM_ADMIN', '超级管理员', 'SYSTEM_ADMIN', '超级管理员', '2025-11-20 19:04:02', '2025-11-20 11:04:19', 'delete');
INSERT INTO `vessel_site_record` (`id`, `vessel_mmsi`, `in_time`, `out_time`, `created_user_id`, `created_user_name`, `update_user_id`, `update_user_name`, `created_at`, `updated_at`, `status`) VALUES (6074861384306688, '413568920', '2025-11-01', '2025-11-03', 'SYSTEM_ADMIN', '超级管理员', 'SYSTEM_ADMIN', '超级管理员', '2025-11-20 19:04:20', '2025-11-20 11:04:47', 'delete');
INSERT INTO `vessel_site_record` (`id`, `vessel_mmsi`, `in_time`, `out_time`, `created_user_id`, `created_user_name`, `update_user_id`, `update_user_name`, `created_at`, `updated_at`, `status`) VALUES (6074861384306689, '413568920', '2025-11-04', '2025-11-07', 'SYSTEM_ADMIN', '超级管理员', 'SYSTEM_ADMIN', '超级管理员', '2025-11-20 19:04:20', '2025-11-20 11:04:47', 'delete');
INSERT INTO `vessel_site_record` (`id`, `vessel_mmsi`, `in_time`, `out_time`, `created_user_id`, `created_user_name`, `update_user_id`, `update_user_name`, `created_at`, `updated_at`, `status`) VALUES (6074865041084416, '413568920', '2025-11-01', '2025-11-03', 'SYSTEM_ADMIN', '超级管理员', 'SYSTEM_ADMIN', '超级管理员', '2025-11-20 19:04:47', '2025-11-21 10:45:27', 'delete');
INSERT INTO `vessel_site_record` (`id`, `vessel_mmsi`, `in_time`, `out_time`, `created_user_id`, `created_user_name`, `update_user_id`, `update_user_name`, `created_at`, `updated_at`, `status`) VALUES (6074865041084417, '413568920', '2025-11-04', '2025-11-07', 'SYSTEM_ADMIN', '超级管理员', 'SYSTEM_ADMIN', '超级管理员', '2025-11-20 19:04:47', '2025-11-21 10:45:27', 'delete');
INSERT INTO `vessel_site_record` (`id`, `vessel_mmsi`, `in_time`, `out_time`, `created_user_id`, `created_user_name`, `update_user_id`, `update_user_name`, `created_at`, `updated_at`, `status`) VALUES (6086037663059968, '413568920', '2025-11-01', '2025-11-03', 'SYSTEM_ADMIN', '超级管理员', 'SYSTEM_ADMIN', '超级管理员', '2025-11-21 18:45:28', '2025-11-21 10:45:28', 'delete');
INSERT INTO `vessel_site_record` (`id`, `vessel_mmsi`, `in_time`, `out_time`, `created_user_id`, `created_user_name`, `update_user_id`, `update_user_name`, `created_at`, `updated_at`, `status`) VALUES (6086037672497152, '413568920', '2025-11-04', '2025-11-07', 'SYSTEM_ADMIN', '超级管理员', 'SYSTEM_ADMIN', '超级管理员', '2025-11-21 18:45:28', '2025-11-21 10:45:28', 'delete');
INSERT INTO `vessel_site_record` (`id`, `vessel_mmsi`, `in_time`, `out_time`, `created_user_id`, `created_user_name`, `update_user_id`, `update_user_name`, `created_at`, `updated_at`, `status`) VALUES (6086037810647040, '413568920', '2025-11-01', '2025-11-03', 'SYSTEM_ADMIN', '超级管理员', 'SYSTEM_ADMIN', '超级管理员', '2025-11-21 18:45:29', '2025-11-21 10:45:29', 'delete');
INSERT INTO `vessel_site_record` (`id`, `vessel_mmsi`, `in_time`, `out_time`, `created_user_id`, `created_user_name`, `update_user_id`, `update_user_name`, `created_at`, `updated_at`, `status`) VALUES (6086037819953152, '413568920', '2025-11-04', '2025-11-07', 'SYSTEM_ADMIN', '超级管理员', 'SYSTEM_ADMIN', '超级管理员', '2025-11-21 18:45:29', '2025-11-21 10:45:29', 'delete');
INSERT INTO `vessel_site_record` (`id`, `vessel_mmsi`, `in_time`, `out_time`, `created_user_id`, `created_user_name`, `update_user_id`, `update_user_name`, `created_at`, `updated_at`, `status`) VALUES (6086037958103040, '413568920', '2025-11-01', '2025-11-03', 'SYSTEM_ADMIN', '超级管理员', 'SYSTEM_ADMIN', '超级管理员', '2025-11-21 18:45:30', '2025-11-21 10:45:31', 'delete');
INSERT INTO `vessel_site_record` (`id`, `vessel_mmsi`, `in_time`, `out_time`, `created_user_id`, `created_user_name`, `update_user_id`, `update_user_name`, `created_at`, `updated_at`, `status`) VALUES (6086038000963584, '413568920', '2025-11-04', '2025-11-07', 'SYSTEM_ADMIN', '超级管理员', 'SYSTEM_ADMIN', '超级管理员', '2025-11-21 18:45:30', '2025-11-21 10:45:31', 'delete');
INSERT INTO `vessel_site_record` (`id`, `vessel_mmsi`, `in_time`, `out_time`, `created_user_id`, `created_user_name`, `update_user_id`, `update_user_name`, `created_at`, `updated_at`, `status`) VALUES (6086038124695552, '413568920', '2025-11-01', '2025-11-03', 'SYSTEM_ADMIN', '超级管理员', 'SYSTEM_ADMIN', '超级管理员', '2025-11-21 18:45:31', '2025-11-21 12:29:45', 'delete');
INSERT INTO `vessel_site_record` (`id`, `vessel_mmsi`, `in_time`, `out_time`, `created_user_id`, `created_user_name`, `update_user_id`, `update_user_name`, `created_at`, `updated_at`, `status`) VALUES (6086038124695553, '413568920', '2025-11-04', '2025-11-07', 'SYSTEM_ADMIN', '超级管理员', 'SYSTEM_ADMIN', '超级管理员', '2025-11-21 18:45:31', '2025-11-21 12:29:45', 'delete');
INSERT INTO `vessel_site_record` (`id`, `vessel_mmsi`, `in_time`, `out_time`, `created_user_id`, `created_user_name`, `update_user_id`, `update_user_name`, `created_at`, `updated_at`, `status`) VALUES (6086219066314752, '1', '2025-11-22', '2025-11-30', 'SYSTEM_ADMIN', '超级管理员', 'SYSTEM_ADMIN', '超级管理员', '2025-11-21 19:08:32', '2025-11-21 19:08:32', 'active');
INSERT INTO `vessel_site_record` (`id`, `vessel_mmsi`, `in_time`, `out_time`, `created_user_id`, `created_user_name`, `update_user_id`, `update_user_name`, `created_at`, `updated_at`, `status`) VALUES (6086634910191616, '413568922', '2025-11-03', '2025-11-14', 'SYSTEM_ADMIN', '超级管理员', 'SYSTEM_ADMIN', '超级管理员', '2025-11-21 20:01:24', '2025-11-21 20:01:24', 'active');
INSERT INTO `vessel_site_record` (`id`, `vessel_mmsi`, `in_time`, `out_time`, `created_user_id`, `created_user_name`, `update_user_id`, `update_user_name`, `created_at`, `updated_at`, `status`) VALUES (6086857885421568, '413568920', '2025-11-01', '2025-11-03', 'SYSTEM_ADMIN', '超级管理员', 'SYSTEM_ADMIN', '超级管理员', '2025-11-21 20:29:46', '2025-11-21 20:29:46', 'active');
INSERT INTO `vessel_site_record` (`id`, `vessel_mmsi`, `in_time`, `out_time`, `created_user_id`, `created_user_name`, `update_user_id`, `update_user_name`, `created_at`, `updated_at`, `status`) VALUES (6086857890140160, '413568920', '2025-11-04', '2025-11-07', 'SYSTEM_ADMIN', '超级管理员', 'SYSTEM_ADMIN', '超级管理员', '2025-11-21 20:29:46', '2025-11-21 20:29:46', 'active');
COMMIT;

-- ----------------------------
-- Table structure for vessel_voyage_record
-- ----------------------------
DROP TABLE IF EXISTS `vessel_voyage_record`;
CREATE TABLE `vessel_voyage_record` (
  `id` bigint(20) NOT NULL AUTO_INCREMENT COMMENT '主键ID',
  `vessel_mmsi` varchar(50) NOT NULL COMMENT '船舶MMSI',
  `vessel_name` varchar(100) DEFAULT NULL COMMENT '船舶名称',
  `source` varchar(50) DEFAULT NULL COMMENT '数据来源',
  `plan_voyage_start` datetime DEFAULT NULL COMMENT '预计出海开始时间',
  `plan_voyage_end` datetime DEFAULT NULL COMMENT '预计出海结束时间',
  `plan_voyage_person` int(11) DEFAULT NULL COMMENT '预计出海人数',
  `plan_status` varchar(50) DEFAULT 'NotStarted' COMMENT '计划状态（NotStarted-未出海、PendingConfirm-出海待确认，InVoyage-出海中、ArrivalPending-到岗待确认、Arrived-已到岗、Sheltering-避风中）',
  `voyage_start` datetime DEFAULT NULL COMMENT '实际出海开始时间',
  `voyage_end` datetime DEFAULT NULL COMMENT '实际出海结束时间',
  `voyage_person` int(11) DEFAULT '0' COMMENT '实际出海人数',
  `onboard_person_count` int(11) DEFAULT '0' COMMENT '在船人数',
  `boarding_person_count` int(11) DEFAULT '0' COMMENT '登船人数',
  `in_wind_time` datetime DEFAULT NULL COMMENT '进入风场时间',
  `end_wind_time` datetime DEFAULT NULL COMMENT '离开风场时间',
  `departure_location` varchar(200) DEFAULT NULL COMMENT '出发地',
  `destination` varchar(200) DEFAULT NULL COMMENT '目的地',
  `remark` varchar(500) DEFAULT NULL COMMENT '备注',
  `created_user_id` varchar(50) DEFAULT NULL COMMENT '创建人ID标识',
  `created_user_name` varchar(100) DEFAULT NULL COMMENT '创建人名称',
  `update_user_id` varchar(50) DEFAULT NULL COMMENT '修改人ID标识',
  `update_user_name` varchar(100) DEFAULT NULL COMMENT '修改人名称',
  `created_at` datetime DEFAULT CURRENT_TIMESTAMP COMMENT '创建时间',
  `updated_at` datetime DEFAULT CURRENT_TIMESTAMP ON UPDATE CURRENT_TIMESTAMP COMMENT '更新时间',
  `status` varchar(20) DEFAULT 'active' COMMENT '状态（active-正常，delete-已删除）',
  PRIMARY KEY (`id`),
  KEY `idx_vessel_id` (`vessel_mmsi`),
  KEY `idx_plan_status` (`plan_status`),
  KEY `idx_plan_voyage_start` (`plan_voyage_start`),
  KEY `idx_voyage_start` (`voyage_start`),
  KEY `idx_status` (`status`)
) ENGINE=InnoDB AUTO_INCREMENT=6086761666252801 DEFAULT CHARSET=utf8mb4 COMMENT='船舶出海记录表';

-- ----------------------------
-- Records of vessel_voyage_record
-- ----------------------------
BEGIN;
INSERT INTO `vessel_voyage_record` (`id`, `vessel_mmsi`, `vessel_name`, `source`, `plan_voyage_start`, `plan_voyage_end`, `plan_voyage_person`, `plan_status`, `voyage_start`, `voyage_end`, `voyage_person`, `onboard_person_count`, `boarding_person_count`, `in_wind_time`, `end_wind_time`, `departure_location`, `destination`, `remark`, `created_user_id`, `created_user_name`, `update_user_id`, `update_user_name`, `created_at`, `updated_at`, `status`) VALUES (6006673446866944, '413568924', '海巡31号', 'PC', '2025-11-02 08:00:00', '2025-11-19 08:00:00', 3, 'InVoyage', '2025-11-04 19:25:18', '2025-11-29 19:25:23', 3, 3, 3, '2025-11-19 19:27:13', '2025-11-21 19:27:25', '深圳福田港', '南海海域', '更新后的工作内容：南海巡逻及科研考察', 'SYSTEM_ADMIN', '超级管理员', 'SYSTEM_ADMIN', '超级管理员', '2025-11-14 18:33:47', '2025-11-21 20:30:07', 'active');
INSERT INTO `vessel_voyage_record` (`id`, `vessel_mmsi`, `vessel_name`, `source`, `plan_voyage_start`, `plan_voyage_end`, `plan_voyage_person`, `plan_status`, `voyage_start`, `voyage_end`, `voyage_person`, `onboard_person_count`, `boarding_person_count`, `in_wind_time`, `end_wind_time`, `departure_location`, `destination`, `remark`, `created_user_id`, `created_user_name`, `update_user_id`, `update_user_name`, `created_at`, `updated_at`, `status`) VALUES (6006732716183552, '413568921', '海洋运输2号', 'Manual', '2025-11-04 16:00:00', '2025-11-21 16:00:00', 0, 'NotStarted', '2025-11-21 19:26:41', '2025-11-29 19:25:23', 0, 0, 0, '2025-11-19 19:27:18', '2025-11-21 19:27:25', '1', '2', '3', 'SYSTEM_ADMIN', '超级管理员', 'SYSTEM_ADMIN', '超级管理员', '2025-11-14 18:41:19', '2025-11-26 03:20:24', 'active');
INSERT INTO `vessel_voyage_record` (`id`, `vessel_mmsi`, `vessel_name`, `source`, `plan_voyage_start`, `plan_voyage_end`, `plan_voyage_person`, `plan_status`, `voyage_start`, `voyage_end`, `voyage_person`, `onboard_person_count`, `boarding_person_count`, `in_wind_time`, `end_wind_time`, `departure_location`, `destination`, `remark`, `created_user_id`, `created_user_name`, `update_user_id`, `update_user_name`, `created_at`, `updated_at`, `status`) VALUES (6006749373075456, '413568921', '海洋运输2号', 'Manual', '2025-11-04 16:00:00', '2025-11-21 16:00:00', 0, 'NotStarted', '2025-11-04 19:25:18', '2025-11-29 19:25:23', 0, 0, 0, '2025-11-19 19:27:13', '2025-11-21 19:27:25', '1', '2', '3', 'SYSTEM_ADMIN', '超级管理员', 'SYSTEM_ADMIN', '超级管理员', '2025-11-14 18:43:26', '2025-11-21 11:27:34', 'active');
INSERT INTO `vessel_voyage_record` (`id`, `vessel_mmsi`, `vessel_name`, `source`, `plan_voyage_start`, `plan_voyage_end`, `plan_voyage_person`, `plan_status`, `voyage_start`, `voyage_end`, `voyage_person`, `onboard_person_count`, `boarding_person_count`, `in_wind_time`, `end_wind_time`, `departure_location`, `destination`, `remark`, `created_user_id`, `created_user_name`, `update_user_id`, `update_user_name`, `created_at`, `updated_at`, `status`) VALUES (6006760329121792, '413568924', '海洋工程5号', 'Manual', '2025-11-10 16:00:00', '2025-11-22 16:00:00', 2, 'NotStarted', '2025-11-04 19:25:18', '2025-11-29 19:25:23', 2, 2, 2, '2025-11-19 19:27:13', '2025-11-21 19:27:25', NULL, NULL, 'ceshi', 'SYSTEM_ADMIN', '超级管理员', 'SYSTEM_ADMIN', '超级管理员', '2025-11-14 18:44:50', '2025-11-21 11:27:34', 'active');
INSERT INTO `vessel_voyage_record` (`id`, `vessel_mmsi`, `vessel_name`, `source`, `plan_voyage_start`, `plan_voyage_end`, `plan_voyage_person`, `plan_status`, `voyage_start`, `voyage_end`, `voyage_person`, `onboard_person_count`, `boarding_person_count`, `in_wind_time`, `end_wind_time`, `departure_location`, `destination`, `remark`, `created_user_id`, `created_user_name`, `update_user_id`, `update_user_name`, `created_at`, `updated_at`, `status`) VALUES (6006764464181248, '413568924', '海洋工程5号', 'Manual', '2025-11-10 16:00:00', '2025-11-22 16:00:00', 2, 'NotStarted', '2025-11-04 19:25:18', '2025-11-29 19:25:23', 2, 2, 2, '2025-11-19 19:27:13', '2025-11-21 19:27:25', NULL, NULL, 'ceshi', 'SYSTEM_ADMIN', '超级管理员', 'SYSTEM_ADMIN', '超级管理员', '2025-11-14 18:45:21', '2025-11-21 11:27:34', 'active');
INSERT INTO `vessel_voyage_record` (`id`, `vessel_mmsi`, `vessel_name`, `source`, `plan_voyage_start`, `plan_voyage_end`, `plan_voyage_person`, `plan_status`, `voyage_start`, `voyage_end`, `voyage_person`, `onboard_person_count`, `boarding_person_count`, `in_wind_time`, `end_wind_time`, `departure_location`, `destination`, `remark`, `created_user_id`, `created_user_name`, `update_user_id`, `update_user_name`, `created_at`, `updated_at`, `status`) VALUES (6006766627524608, '413568924', '海洋工程5号', 'Manual', '2025-11-10 16:00:00', '2025-11-22 16:00:00', 2, 'NotStarted', '2025-11-04 19:25:18', '2025-11-29 19:25:23', 2, 2, 2, '2025-11-19 19:27:13', '2025-11-21 19:27:25', NULL, NULL, 'ceshi', 'SYSTEM_ADMIN', '超级管理员', 'SYSTEM_ADMIN', '超级管理员', '2025-11-14 18:45:38', '2025-11-21 11:27:34', 'active');
INSERT INTO `vessel_voyage_record` (`id`, `vessel_mmsi`, `vessel_name`, `source`, `plan_voyage_start`, `plan_voyage_end`, `plan_voyage_person`, `plan_status`, `voyage_start`, `voyage_end`, `voyage_person`, `onboard_person_count`, `boarding_person_count`, `in_wind_time`, `end_wind_time`, `departure_location`, `destination`, `remark`, `created_user_id`, `created_user_name`, `update_user_id`, `update_user_name`, `created_at`, `updated_at`, `status`) VALUES (6006823490490368, '413568924', '海洋工程5号', 'Manual', '2025-11-02 16:00:00', '2025-11-12 16:00:00', 0, 'NotStarted', '2025-11-04 19:25:18', '2025-11-29 19:25:23', 0, 0, 0, '2025-11-19 19:27:13', '2025-11-21 19:27:25', '1', '116.434446,39.90816', 'ddd', 'SYSTEM_ADMIN', '超级管理员', 'SYSTEM_ADMIN', '超级管理员', '2025-11-14 18:52:52', '2025-11-21 11:27:34', 'active');
INSERT INTO `vessel_voyage_record` (`id`, `vessel_mmsi`, `vessel_name`, `source`, `plan_voyage_start`, `plan_voyage_end`, `plan_voyage_person`, `plan_status`, `voyage_start`, `voyage_end`, `voyage_person`, `onboard_person_count`, `boarding_person_count`, `in_wind_time`, `end_wind_time`, `departure_location`, `destination`, `remark`, `created_user_id`, `created_user_name`, `update_user_id`, `update_user_name`, `created_at`, `updated_at`, `status`) VALUES (6073935531544576, '413568921', '海洋运输2号', 'PC', '2025-11-20 16:00:00', '2025-11-22 16:06:00', NULL, 'NotStarted', '2025-11-04 19:25:18', '2025-11-29 19:25:23', 0, 0, 0, '2025-11-19 19:27:13', '2025-11-21 19:27:25', '澎湖湾', '风场b区', '11111', 'SYSTEM_ADMIN', '超级管理员', 'SYSTEM_ADMIN', '超级管理员', '2025-11-20 17:06:36', '2025-11-21 11:27:35', 'active');
INSERT INTO `vessel_voyage_record` (`id`, `vessel_mmsi`, `vessel_name`, `source`, `plan_voyage_start`, `plan_voyage_end`, `plan_voyage_person`, `plan_status`, `voyage_start`, `voyage_end`, `voyage_person`, `onboard_person_count`, `boarding_person_count`, `in_wind_time`, `end_wind_time`, `departure_location`, `destination`, `remark`, `created_user_id`, `created_user_name`, `update_user_id`, `update_user_name`, `created_at`, `updated_at`, `status`) VALUES (6085052482654208, '413568921', '海洋运输2号', 'PC', '2025-11-20 16:00:00', '2025-11-22 16:06:00', 2, 'NotStarted', '2025-11-04 19:25:18', '2025-11-29 19:25:23', 0, 0, 0, '2025-11-19 19:27:14', '2025-11-21 19:27:25', '澎湖湾', '风场b区', '11111', 'SYSTEM_ADMIN', '超级管理员', 'SYSTEM_ADMIN', '超级管理员', '2025-11-21 16:40:11', '2025-11-26 03:19:45', 'active');
INSERT INTO `vessel_voyage_record` (`id`, `vessel_mmsi`, `vessel_name`, `source`, `plan_voyage_start`, `plan_voyage_end`, `plan_voyage_person`, `plan_status`, `voyage_start`, `voyage_end`, `voyage_person`, `onboard_person_count`, `boarding_person_count`, `in_wind_time`, `end_wind_time`, `departure_location`, `destination`, `remark`, `created_user_id`, `created_user_name`, `update_user_id`, `update_user_name`, `created_at`, `updated_at`, `status`) VALUES (6086761666252800, '413568920', '海洋工程1号', 'PC', '2025-11-20 16:00:00', '2025-11-28 16:00:00', 2, 'NotStarted', NULL, NULL, 0, 0, 0, NULL, NULL, NULL, NULL, NULL, 'SYSTEM_ADMIN', '超级管理员', 'SYSTEM_ADMIN', '超级管理员', '2025-11-21 20:17:31', '2025-11-21 20:17:31', 'active');
COMMIT;

-- ----------------------------
-- Table structure for vessel_weather_alert
-- ----------------------------
DROP TABLE IF EXISTS `vessel_weather_alert`;
CREATE TABLE `vessel_weather_alert` (
  `id` bigint(20) NOT NULL AUTO_INCREMENT COMMENT '主键ID',
  `vessel_mmsi` varchar(50) NOT NULL COMMENT '船舶识别码',
  `index_name` varchar(100) DEFAULT NULL COMMENT '配置名称',
  `wind_speed_10m_min` decimal(10,2) DEFAULT '0.00' COMMENT '10米风速-第一分界点（m/s）',
  `wind_speed_10m_max` decimal(10,2) DEFAULT '0.00' COMMENT '10米风速-第二分界点（m/s）',
  `wind_speed_100m_min` decimal(10,2) DEFAULT '0.00' COMMENT '100米风速-第一分界点（m/s）',
  `wind_speed_100m_max` decimal(10,2) DEFAULT '0.00' COMMENT '100米风速-第二分界点（m/s）',
  `wave_height_min` decimal(10,2) DEFAULT '0.00' COMMENT '浪高-第一分界点（米）',
  `wave_height_max` decimal(10,2) DEFAULT '0.00' COMMENT '浪高-第二分界点（米）',
  `visibility_min` decimal(10,2) DEFAULT '0.00' COMMENT '能见度-第一分界点（米）',
  `visibility_max` decimal(10,2) DEFAULT '0.00' COMMENT '能见度-第二分界点（米）',
  `created_user_id` varchar(50) DEFAULT NULL COMMENT '创建人ID标识',
  `created_user_name` varchar(100) DEFAULT NULL COMMENT '创建人名称',
  `update_user_id` varchar(50) DEFAULT NULL COMMENT '修改人ID标识',
  `update_user_name` varchar(100) DEFAULT NULL COMMENT '修改人名称',
  `created_at` datetime DEFAULT CURRENT_TIMESTAMP COMMENT '创建时间',
  `updated_at` datetime DEFAULT CURRENT_TIMESTAMP ON UPDATE CURRENT_TIMESTAMP COMMENT '更新时间',
  `status` varchar(20) DEFAULT 'active' COMMENT '状态（active-正常，delete-已删除）',
  PRIMARY KEY (`id`),
  KEY `idx_vessel_mmsi` (`vessel_mmsi`),
  KEY `idx_status` (`status`)
) ENGINE=InnoDB AUTO_INCREMENT=6141388545265665 DEFAULT CHARSET=utf8mb4 COMMENT='船舶气象阈值配置表';

-- ----------------------------
-- Records of vessel_weather_alert
-- ----------------------------
BEGIN;
INSERT INTO `vessel_weather_alert` (`id`, `vessel_mmsi`, `index_name`, `wind_speed_10m_min`, `wind_speed_10m_max`, `wind_speed_100m_min`, `wind_speed_100m_max`, `wave_height_min`, `wave_height_max`, `visibility_min`, `visibility_max`, `created_user_id`, `created_user_name`, `update_user_id`, `update_user_name`, `created_at`, `updated_at`, `status`) VALUES (6086219090169856, '413568920', '出海指标', 10.50, 17.00, 0.00, 0.00, 1.00, 1.50, 800.00, 1600.00, 'SYSTEM_ADMIN', '超级管理员', 'SYSTEM_ADMIN', '超级管理员', '2025-11-21 19:08:32', '2025-11-24 09:56:53', 'active');
INSERT INTO `vessel_weather_alert` (`id`, `vessel_mmsi`, `index_name`, `wind_speed_10m_min`, `wind_speed_10m_max`, `wind_speed_100m_min`, `wind_speed_100m_max`, `wave_height_min`, `wave_height_max`, `visibility_min`, `visibility_max`, `created_user_id`, `created_user_name`, `update_user_id`, `update_user_name`, `created_at`, `updated_at`, `status`) VALUES (6086219094888448, '413568920', '吊装指标', 10.50, 17.00, 3.40, 10.00, 0.00, 0.00, 800.00, 1600.00, 'SYSTEM_ADMIN', '超级管理员', 'SYSTEM_ADMIN', '超级管理员', '2025-11-21 19:08:32', '2025-11-24 09:56:53', 'active');
INSERT INTO `vessel_weather_alert` (`id`, `vessel_mmsi`, `index_name`, `wind_speed_10m_min`, `wind_speed_10m_max`, `wind_speed_100m_min`, `wind_speed_100m_max`, `wave_height_min`, `wave_height_max`, `visibility_min`, `visibility_max`, `created_user_id`, `created_user_name`, `update_user_id`, `update_user_name`, `created_at`, `updated_at`, `status`) VALUES (6086219095019520, '413568920', '施工指标', 10.50, 17.00, 0.00, 0.00, 1.00, 1.50, 800.00, 1600.00, 'SYSTEM_ADMIN', '超级管理员', 'SYSTEM_ADMIN', '超级管理员', '2025-11-21 19:08:32', '2025-11-24 09:56:53', 'active');
INSERT INTO `vessel_weather_alert` (`id`, `vessel_mmsi`, `index_name`, `wind_speed_10m_min`, `wind_speed_10m_max`, `wind_speed_100m_min`, `wind_speed_100m_max`, `wave_height_min`, `wave_height_max`, `visibility_min`, `visibility_max`, `created_user_id`, `created_user_name`, `update_user_id`, `update_user_name`, `created_at`, `updated_at`, `status`) VALUES (6086264481320960, '413568922', '出海指标', 10.50, 17.00, 0.00, 0.00, 1.00, 1.50, 800.00, 1600.00, 'SYSTEM_ADMIN', '超级管理员', 'SYSTEM_ADMIN', '超级管理员', '2025-11-21 19:14:18', '2025-11-24 09:57:08', 'active');
INSERT INTO `vessel_weather_alert` (`id`, `vessel_mmsi`, `index_name`, `wind_speed_10m_min`, `wind_speed_10m_max`, `wind_speed_100m_min`, `wind_speed_100m_max`, `wave_height_min`, `wave_height_max`, `visibility_min`, `visibility_max`, `created_user_id`, `created_user_name`, `update_user_id`, `update_user_name`, `created_at`, `updated_at`, `status`) VALUES (6086264486432768, '413568922', '吊装指标', 10.50, 17.00, 3.40, 10.00, 0.00, 0.00, 800.00, 1600.00, 'SYSTEM_ADMIN', '超级管理员', 'SYSTEM_ADMIN', '超级管理员', '2025-11-21 19:14:18', '2025-11-24 09:57:08', 'active');
INSERT INTO `vessel_weather_alert` (`id`, `vessel_mmsi`, `index_name`, `wind_speed_10m_min`, `wind_speed_10m_max`, `wind_speed_100m_min`, `wind_speed_100m_max`, `wave_height_min`, `wave_height_max`, `visibility_min`, `visibility_max`, `created_user_id`, `created_user_name`, `update_user_id`, `update_user_name`, `created_at`, `updated_at`, `status`) VALUES (6086264486432769, '413568922', '施工指标', 10.50, 17.00, 0.00, 0.00, 1.00, 1.50, 800.00, 1600.00, 'SYSTEM_ADMIN', '超级管理员', 'SYSTEM_ADMIN', '超级管理员', '2025-11-21 19:14:18', '2025-11-24 09:57:08', 'active');
INSERT INTO `vessel_weather_alert` (`id`, `vessel_mmsi`, `index_name`, `wind_speed_10m_min`, `wind_speed_10m_max`, `wind_speed_100m_min`, `wind_speed_100m_max`, `wave_height_min`, `wave_height_max`, `visibility_min`, `visibility_max`, `created_user_id`, `created_user_name`, `update_user_id`, `update_user_name`, `created_at`, `updated_at`, `status`) VALUES (6086699182264320, '413568921', '出海指标', 10.50, 17.00, 0.00, 0.00, 1.00, 1.50, 800.00, 1600.00, 'SYSTEM_ADMIN', '超级管理员', 'SYSTEM_ADMIN', '超级管理员', '2025-11-21 20:09:35', '2025-11-24 09:57:19', 'active');
INSERT INTO `vessel_weather_alert` (`id`, `vessel_mmsi`, `index_name`, `wind_speed_10m_min`, `wind_speed_10m_max`, `wind_speed_100m_min`, `wind_speed_100m_max`, `wave_height_min`, `wave_height_max`, `visibility_min`, `visibility_max`, `created_user_id`, `created_user_name`, `update_user_id`, `update_user_name`, `created_at`, `updated_at`, `status`) VALUES (6086699182395392, '413568921', '吊装指标', 10.50, 17.00, 3.40, 10.00, 0.00, 0.00, 800.00, 1600.00, 'SYSTEM_ADMIN', '超级管理员', 'SYSTEM_ADMIN', '超级管理员', '2025-11-21 20:09:35', '2025-11-24 09:57:19', 'active');
INSERT INTO `vessel_weather_alert` (`id`, `vessel_mmsi`, `index_name`, `wind_speed_10m_min`, `wind_speed_10m_max`, `wind_speed_100m_min`, `wind_speed_100m_max`, `wave_height_min`, `wave_height_max`, `visibility_min`, `visibility_max`, `created_user_id`, `created_user_name`, `update_user_id`, `update_user_name`, `created_at`, `updated_at`, `status`) VALUES (6086699182395393, '413568921', '施工指标', 10.50, 17.00, 0.00, 0.00, 1.00, 1.50, 800.00, 1600.00, 'SYSTEM_ADMIN', '超级管理员', 'SYSTEM_ADMIN', '超级管理员', '2025-11-21 20:09:35', '2025-11-24 09:57:20', 'active');
INSERT INTO `vessel_weather_alert` (`id`, `vessel_mmsi`, `index_name`, `wind_speed_10m_min`, `wind_speed_10m_max`, `wind_speed_100m_min`, `wind_speed_100m_max`, `wave_height_min`, `wave_height_max`, `visibility_min`, `visibility_max`, `created_user_id`, `created_user_name`, `update_user_id`, `update_user_name`, `created_at`, `updated_at`, `status`) VALUES (6119380258983936, '131028', '出海指标', 10.50, 17.00, 0.00, 0.00, 1.00, 1.50, 800.00, 1600.00, 'SYSTEM_ADMIN', '超级管理员', 'SYSTEM_ADMIN', '超级管理员', '2025-11-24 17:25:12', '2025-11-24 09:44:44', 'active');
INSERT INTO `vessel_weather_alert` (`id`, `vessel_mmsi`, `index_name`, `wind_speed_10m_min`, `wind_speed_10m_max`, `wind_speed_100m_min`, `wind_speed_100m_max`, `wave_height_min`, `wave_height_max`, `visibility_min`, `visibility_max`, `created_user_id`, `created_user_name`, `update_user_id`, `update_user_name`, `created_at`, `updated_at`, `status`) VALUES (6119380263702528, '131028', '吊装指标', 10.50, 17.00, 3.40, 10.00, 0.00, 0.00, 800.00, 1600.00, 'SYSTEM_ADMIN', '超级管理员', 'SYSTEM_ADMIN', '超级管理员', '2025-11-24 17:25:12', '2025-11-24 09:44:44', 'active');
INSERT INTO `vessel_weather_alert` (`id`, `vessel_mmsi`, `index_name`, `wind_speed_10m_min`, `wind_speed_10m_max`, `wind_speed_100m_min`, `wind_speed_100m_max`, `wave_height_min`, `wave_height_max`, `visibility_min`, `visibility_max`, `created_user_id`, `created_user_name`, `update_user_id`, `update_user_name`, `created_at`, `updated_at`, `status`) VALUES (6119380263833600, '131028', '施工指标', 10.50, 17.00, 0.00, 0.00, 1.00, 1.50, 800.00, 1600.00, 'SYSTEM_ADMIN', '超级管理员', 'SYSTEM_ADMIN', '超级管理员', '2025-11-24 17:25:12', '2025-11-24 09:44:44', 'active');
INSERT INTO `vessel_weather_alert` (`id`, `vessel_mmsi`, `index_name`, `wind_speed_10m_min`, `wind_speed_10m_max`, `wind_speed_100m_min`, `wind_speed_100m_max`, `wave_height_min`, `wave_height_max`, `visibility_min`, `visibility_max`, `created_user_id`, `created_user_name`, `update_user_id`, `update_user_name`, `created_at`, `updated_at`, `status`) VALUES (6141388540416000, '123455', '出海指标', 3.40, 10.00, 0.00, 0.00, 1.00, 1.50, 2.00, 4.00, 'SYSTEM_ADMIN', '超级管理员', 'SYSTEM_ADMIN', '超级管理员', '2025-11-26 16:03:41', '2025-11-26 16:03:41', 'active');
INSERT INTO `vessel_weather_alert` (`id`, `vessel_mmsi`, `index_name`, `wind_speed_10m_min`, `wind_speed_10m_max`, `wind_speed_100m_min`, `wind_speed_100m_max`, `wave_height_min`, `wave_height_max`, `visibility_min`, `visibility_max`, `created_user_id`, `created_user_name`, `update_user_id`, `update_user_name`, `created_at`, `updated_at`, `status`) VALUES (6141388545134592, '123455', '吊装指标', 0.00, 0.00, 3.40, 10.00, 0.00, 0.00, 2.00, 4.00, 'SYSTEM_ADMIN', '超级管理员', 'SYSTEM_ADMIN', '超级管理员', '2025-11-26 16:03:41', '2025-11-26 16:03:41', 'active');
INSERT INTO `vessel_weather_alert` (`id`, `vessel_mmsi`, `index_name`, `wind_speed_10m_min`, `wind_speed_10m_max`, `wind_speed_100m_min`, `wind_speed_100m_max`, `wave_height_min`, `wave_height_max`, `visibility_min`, `visibility_max`, `created_user_id`, `created_user_name`, `update_user_id`, `update_user_name`, `created_at`, `updated_at`, `status`) VALUES (6141388545265664, '123455', '施工指标', 3.40, 10.00, 0.00, 0.00, 1.00, 1.50, 2.00, 4.00, 'SYSTEM_ADMIN', '超级管理员', 'SYSTEM_ADMIN', '超级管理员', '2025-11-26 16:03:41', '2025-11-26 16:03:41', 'active');
COMMIT;

-- ----------------------------
-- Table structure for weather_config
-- ----------------------------
DROP TABLE IF EXISTS `weather_config`;
CREATE TABLE `weather_config` (
  `id` bigint(20) NOT NULL COMMENT '主键ID',
  `config` json NOT NULL COMMENT '显示模式：none-不显示, hourly_minute-逐时逐分气象实况, daily-逐日气象预报, minute-逐分气象实况, hourly-逐时气象实况',
  `created_user_id` varchar(64) DEFAULT NULL COMMENT '创建人ID标识',
  `created_user_name` varchar(128) DEFAULT NULL COMMENT '创建人名称',
  `update_user_id` varchar(64) DEFAULT NULL COMMENT '修改人ID标识',
  `update_user_name` varchar(128) DEFAULT NULL COMMENT '修改人名称',
  `created_at` timestamp NOT NULL DEFAULT CURRENT_TIMESTAMP COMMENT '创建时间',
  `updated_at` timestamp NOT NULL DEFAULT CURRENT_TIMESTAMP ON UPDATE CURRENT_TIMESTAMP COMMENT '更新时间',
  `status` varchar(8) NOT NULL DEFAULT 'active' COMMENT '状态：delete-已删除、active-未删除',
  PRIMARY KEY (`id`)
) ENGINE=InnoDB DEFAULT CHARSET=utf8mb4 COMMENT='外部宏观预警配置表';

-- ----------------------------
-- Records of weather_config
-- ----------------------------
BEGIN;
INSERT INTO `weather_config` (`id`, `config`, `created_user_id`, `created_user_name`, `update_user_id`, `update_user_name`, `created_at`, `updated_at`, `status`) VALUES (5926240556093440, '{\"dataSource\": \"显示逐时气象预报信息\", \"selectedWeatherElements\": [\"出海指标\", \"100 米风速 (m/s)\", \"10 米风速 (m/s)\", \"10 米风向\", \"浪高 (m)\", \"浪向\"], \"unselectedWeatherElements\": [\"涌高 (m)\", \"能见度 (km)\", \"降水量 (mm/h)\", \"温度 (℃)\", \"相对湿度 (%)\", \"气压 (hPa)\", \"辐射 (W/m²)\", \"总云量 (%)\", \"浪周期 (s)\"]}', 'SYSTEM_ADMIN', '超级管理员', 'SYSTEM_ADMIN', '超级管理员', '2025-11-07 16:06:13', '2025-11-12 01:49:33', 'delete');
INSERT INTO `weather_config` (`id`, `config`, `created_user_id`, `created_user_name`, `update_user_id`, `update_user_name`, `created_at`, `updated_at`, `status`) VALUES (5926241984778240, '{\"hourly\": [\"wind_speed_100m\", \"tide_height\"], \"dataSource\": \"none\", \"displayElements\": [\"sea_indicator\", \"wave_direction\"]}', 'SYSTEM_ADMIN', '超级管理员', 'SYSTEM_ADMIN', '超级管理员', '2025-11-07 16:06:24', '2025-11-07 08:20:05', 'delete');
INSERT INTO `weather_config` (`id`, `config`, `created_user_id`, `created_user_name`, `update_user_id`, `update_user_name`, `created_at`, `updated_at`, `status`) VALUES (5926244015738880, '{\"daily\": [\"wind_speed_100m\", \"tide_height\"], \"hourly\": [\"wind_speed_100m\", \"tide_height\"], \"dataSource\": \"none\", \"displayElements\": [\"sea_indicator\", \"wave_direction\"]}', 'SYSTEM_ADMIN', '超级管理员', 'SYSTEM_ADMIN', '超级管理员', '2025-11-07 16:06:39', '2025-11-07 08:20:05', 'delete');
INSERT INTO `weather_config` (`id`, `config`, `created_user_id`, `created_user_name`, `update_user_id`, `update_user_name`, `created_at`, `updated_at`, `status`) VALUES (5926288835809280, '{\"dataSource\": \"hourly_forecast\", \"displayElements\": [\"sea_indicator\", \"wave_direction\"]}', 'SYSTEM_ADMIN', '超级管理员', 'SYSTEM_ADMIN', '超级管理员', '2025-11-07 16:12:21', '2025-11-07 08:20:05', 'delete');
INSERT INTO `weather_config` (`id`, `config`, `created_user_id`, `created_user_name`, `update_user_id`, `update_user_name`, `created_at`, `updated_at`, `status`) VALUES (5926296087498752, '{\"hourly\": [\"wind_speed_100m\", \"tide_height\"], \"dataSource\": \"hourly_forecast\", \"displayElements\": [\"sea_indicator\", \"wave_direction\"]}', 'SYSTEM_ADMIN', '超级管理员', 'SYSTEM_ADMIN', '超级管理员', '2025-11-07 16:13:16', '2025-11-07 08:20:05', 'delete');
INSERT INTO `weather_config` (`id`, `config`, `created_user_id`, `created_user_name`, `update_user_id`, `update_user_name`, `created_at`, `updated_at`, `status`) VALUES (5926298601459712, '{\"hourly\": [\"wind_speed_100m\", \"wind_speed_10m\", \"tide_height\", \"visibility\", \"radiation\", \"wave_period\"], \"dataSource\": \"hourly_forecast\", \"displayElements\": [\"sea_indicator\", \"wave_direction\"]}', 'SYSTEM_ADMIN', '超级管理员', 'SYSTEM_ADMIN', '超级管理员', '2025-11-07 16:13:35', '2025-11-07 08:20:05', 'delete');
INSERT INTO `weather_config` (`id`, `config`, `created_user_id`, `created_user_name`, `update_user_id`, `update_user_name`, `created_at`, `updated_at`, `status`) VALUES (5926338515505152, '{\"dataSource\": \"none\", \"displayElements\": [\"sea_indicator\", \"wave_direction\"]}', 'SYSTEM_ADMIN', '超级管理员', 'SYSTEM_ADMIN', '超级管理员', '2025-11-07 16:18:40', '2025-11-07 08:20:05', 'delete');
INSERT INTO `weather_config` (`id`, `config`, `created_user_id`, `created_user_name`, `update_user_id`, `update_user_name`, `created_at`, `updated_at`, `status`) VALUES (5926341454139392, '{\"dataSource\": \"none\", \"displayElements\": [\"sea_indicator\", \"wave_direction\"]}', 'SYSTEM_ADMIN', '超级管理员', 'SYSTEM_ADMIN', '超级管理员', '2025-11-07 16:19:02', '2025-11-07 08:20:05', 'delete');
INSERT INTO `weather_config` (`id`, `config`, `created_user_id`, `created_user_name`, `update_user_id`, `update_user_name`, `created_at`, `updated_at`, `status`) VALUES (5926351166705664, '{\"dataSource\": \"hourly_forecast\", \"displayElements\": [\"sea_indicator\", \"wave_direction\", \"relative_humidity\"]}', 'SYSTEM_ADMIN', '超级管理员', 'SYSTEM_ADMIN', '超级管理员', '2025-11-07 16:20:16', '2025-11-07 08:23:44', 'delete');
INSERT INTO `weather_config` (`id`, `config`, `created_user_id`, `created_user_name`, `update_user_id`, `update_user_name`, `created_at`, `updated_at`, `status`) VALUES (5926378404253696, '{\"dataSource\": \"hourly_forecast\", \"displayElements\": [\"wind_speed_100m\", \"visibility\", \"wind_speed_10m\", \"radiation\", \"precipitation\", \"wind_direction_10m\"]}', 'SYSTEM_ADMIN', '超级管理员', 'SYSTEM_ADMIN', '超级管理员', '2025-11-07 16:23:44', '2025-11-07 08:24:26', 'delete');
INSERT INTO `weather_config` (`id`, `config`, `created_user_id`, `created_user_name`, `update_user_id`, `update_user_name`, `created_at`, `updated_at`, `status`) VALUES (5926383886340096, '{\"hourly\": [\"wind_speed_10m\", \"visibility\", \"radiation\", \"air_pressure\", \"wind_speed_100m\", \"tide_height\"], \"dataSource\": \"hourly_forecast\", \"displayElements\": [\"wind_speed_100m\", \"visibility\", \"wind_speed_10m\", \"radiation\", \"precipitation\", \"wind_direction_10m\"]}', 'SYSTEM_ADMIN', '超级管理员', 'SYSTEM_ADMIN', '超级管理员', '2025-11-07 16:24:26', '2025-11-07 09:45:12', 'delete');
INSERT INTO `weather_config` (`id`, `config`, `created_user_id`, `created_user_name`, `update_user_id`, `update_user_name`, `created_at`, `updated_at`, `status`) VALUES (5927019146973184, '{\"daily\": [\"sea_indicator\", \"wind_speed_100m\", \"tide_height\"], \"hourly\": [\"sea_indicator\", \"wind_speed_100m\", \"wave_direction\"], \"dataSource\": \"daily_forecast\", \"displayElements\": [\"wave_direction\", \"wind_speed_100m\", \"tide_height\", \"visibility\"]}', 'SYSTEM_ADMIN', '超级管理员', 'SYSTEM_ADMIN', '超级管理员', '2025-11-07 17:45:13', '2025-11-07 10:01:07', 'delete');
INSERT INTO `weather_config` (`id`, `config`, `created_user_id`, `created_user_name`, `update_user_id`, `update_user_name`, `created_at`, `updated_at`, `status`) VALUES (5927144296222720, '{\"hourly\": [\"sea_indicator\", \"wind_speed_100m\", \"wind_speed_10m\", \"wave_height\", \"wave_direction\", \"tide_height\", \"visibility\", \"temperature\", \"air_pressure\", \"radiation\", \"total_cloud\", \"wave_period\"], \"dataSource\": \"daily_forecast\", \"displayElements\": [\"wave_direction\", \"wind_speed_100m\", \"tide_height\", \"visibility\"]}', 'SYSTEM_ADMIN', '超级管理员', 'SYSTEM_ADMIN', '超级管理员', '2025-11-07 18:01:08', '2025-11-07 10:05:51', 'delete');
INSERT INTO `weather_config` (`id`, `config`, `created_user_id`, `created_user_name`, `update_user_id`, `update_user_name`, `created_at`, `updated_at`, `status`) VALUES (5927181448581120, '{\"hourly\": [\"sea_indicator\", \"wind_speed_100m\", \"wind_speed_10m\", \"wind_direction_10m\", \"wave_height\", \"wave_direction\", \"tide_height\", \"visibility\", \"precipitation\", \"temperature\", \"relative_humidity\", \"air_pressure\", \"radiation\", \"total_cloud\", \"wave_period\"], \"dataSource\": \"daily_forecast\", \"displayElements\": [\"wave_direction\", \"wind_speed_100m\", \"tide_height\", \"visibility\"]}', 'SYSTEM_ADMIN', '超级管理员', 'SYSTEM_ADMIN', '超级管理员', '2025-11-07 18:05:51', '2025-11-07 10:38:57', 'delete');
INSERT INTO `weather_config` (`id`, `config`, `created_user_id`, `created_user_name`, `update_user_id`, `update_user_name`, `created_at`, `updated_at`, `status`) VALUES (5927441755738112, '{\"hourly\": [], \"dataSource\": \"daily_forecast\", \"displayElements\": [\"wave_direction\", \"wind_speed_100m\", \"tide_height\", \"visibility\"]}', 'SYSTEM_ADMIN', '超级管理员', 'SYSTEM_ADMIN', '超级管理员', '2025-11-07 18:38:57', '2025-11-07 10:59:02', 'delete');
INSERT INTO `weather_config` (`id`, `config`, `created_user_id`, `created_user_name`, `update_user_id`, `update_user_name`, `created_at`, `updated_at`, `status`) VALUES (5927599800389632, '{\"hourly\": [\"sea_indicator\", \"wind_speed_100m\", \"wind_speed_10m\", \"wind_direction_10m\", \"wave_height\", \"wave_direction\", \"tide_height\", \"visibility\", \"precipitation\", \"temperature\", \"relative_humidity\", \"air_pressure\", \"total_cloud\", \"wave_period\"], \"dataSource\": \"daily_forecast\", \"displayElements\": [\"wave_direction\", \"wind_speed_100m\", \"tide_height\", \"visibility\"]}', 'SYSTEM_ADMIN', '超级管理员', 'SYSTEM_ADMIN', '超级管理员', '2025-11-07 18:59:03', '2025-11-10 03:27:43', 'delete');
INSERT INTO `weather_config` (`id`, `config`, `created_user_id`, `created_user_name`, `update_user_id`, `update_user_name`, `created_at`, `updated_at`, `status`) VALUES (5958024345620480, '{\"hourly\": \"tide_height\", \"dataSource\": \"daily_forecast\", \"displayElements\": [\"wave_direction\", \"wind_speed_100m\", \"tide_height\", \"visibility\"]}', 'SYSTEM_ADMIN', '超级管理员', 'SYSTEM_ADMIN', '超级管理员', '2025-11-10 11:27:44', '2025-11-10 03:27:44', 'delete');
INSERT INTO `weather_config` (`id`, `config`, `created_user_id`, `created_user_name`, `update_user_id`, `update_user_name`, `created_at`, `updated_at`, `status`) VALUES (5958024439205888, '{\"hourly\": \"tide_height\", \"dataSource\": \"daily_forecast\", \"displayElements\": [\"wave_direction\", \"wind_speed_100m\", \"tide_height\", \"visibility\"]}', 'SYSTEM_ADMIN', '超级管理员', 'SYSTEM_ADMIN', '超级管理员', '2025-11-10 11:27:44', '2025-11-10 03:36:25', 'delete');
INSERT INTO `weather_config` (`id`, `config`, `created_user_id`, `created_user_name`, `update_user_id`, `update_user_name`, `created_at`, `updated_at`, `status`) VALUES (5958092769923072, '{\"dataSource\": \"daily_forecast\", \"displayElements\": [\"wave_direction\", \"wind_speed_100m\", \"tide_height\", \"visibility\", \"sea_indicator\", \"relative_humidity\"]}', 'SYSTEM_ADMIN', '超级管理员', 'SYSTEM_ADMIN', '超级管理员', '2025-11-10 11:36:26', '2025-11-12 01:49:08', 'delete');
INSERT INTO `weather_config` (`id`, `config`, `created_user_id`, `created_user_name`, `update_user_id`, `update_user_name`, `created_at`, `updated_at`, `status`) VALUES (5979901622685696, '{\"id\": 5926240556093440, \"dataSource\": \"显示逐时气象预报信息\", \"selectedWeatherElements\": [\"出海指标\", \"100 米风速 (m/s)\", \"10 米风速 (m/s)\", \"10 米风向\", \"浪高 (m)\"], \"unselectedWeatherElements\": [\"涌高 (m)\", \"能见度 (km)\", \"降水量 (mm/h)\", \"温度 (℃)\", \"相对湿度 (%)\", \"气压 (hPa)\", \"辐射 (W/m²)\", \"总云量 (%)\", \"浪周期 (s)\", \"浪向\"]}', 'SYSTEM_ADMIN', '超级管理员', 'SYSTEM_ADMIN', '超级管理员', '2025-11-12 09:49:34', '2025-11-18 02:24:36', 'delete');
INSERT INTO `weather_config` (`id`, `config`, `created_user_id`, `created_user_name`, `update_user_id`, `update_user_name`, `created_at`, `updated_at`, `status`) VALUES (6048124964638720, '{\"daily\": [\"sea_indicator\", \"wind_speed_100m\", \"tide_height\"], \"hourly\": [\"sea_indicator\", \"wave_direction\"], \"dataSource\": \"daily_forecast\", \"displayElements\": [\"sea_indicator\"]}', 'SYSTEM_ADMIN', '超级管理员', 'SYSTEM_ADMIN', '超级管理员', '2025-11-18 10:24:37', '2025-11-18 09:12:08', 'delete');
INSERT INTO `weather_config` (`id`, `config`, `created_user_id`, `created_user_name`, `update_user_id`, `update_user_name`, `created_at`, `updated_at`, `status`) VALUES (6051329848446976, '{\"hourly\": [\"sea_indicator\", \"wind_speed_100m\", \"wind_speed_10m\", \"wind_direction_10m\", \"wave_height\", \"wave_direction\", \"tide_height\", \"visibility\", \"precipitation\", \"temperature\", \"relative_humidity\", \"air_pressure\", \"radiation\", \"total_cloud\", \"wave_period\"], \"dataSource\": \"daily_forecast\", \"displayElements\": [\"sea_indicator\", \"wave_direction\", \"relative_humidity\", \"wind_speed_100m\", \"tide_height\", \"air_pressure\"]}', 'SYSTEM_ADMIN', '超级管理员', 'SYSTEM_ADMIN', '超级管理员', '2025-11-18 17:12:08', '2025-11-18 09:12:23', 'delete');
INSERT INTO `weather_config` (`id`, `config`, `created_user_id`, `created_user_name`, `update_user_id`, `update_user_name`, `created_at`, `updated_at`, `status`) VALUES (6051331862237184, '{\"daily\": [\"sea_indicator\", \"wind_speed_100m\", \"wind_speed_10m\", \"wind_direction_10m\", \"wave_height\", \"wave_direction\", \"tide_height\", \"visibility\", \"precipitation\", \"temperature\", \"relative_humidity\", \"air_pressure\", \"radiation\", \"total_cloud\", \"wave_period\"], \"hourly\": [\"sea_indicator\", \"wind_speed_100m\", \"wind_speed_10m\", \"wind_direction_10m\", \"wave_height\", \"wave_direction\", \"tide_height\", \"visibility\", \"precipitation\", \"temperature\", \"relative_humidity\", \"air_pressure\", \"radiation\", \"total_cloud\", \"wave_period\"], \"dataSource\": \"daily_forecast\", \"displayElements\": [\"sea_indicator\", \"wave_direction\", \"relative_humidity\", \"wind_speed_100m\", \"tide_height\", \"air_pressure\"]}', 'SYSTEM_ADMIN', '超级管理员', 'SYSTEM_ADMIN', '超级管理员', '2025-11-18 17:12:24', '2025-11-18 09:12:24', 'delete');
INSERT INTO `weather_config` (`id`, `config`, `created_user_id`, `created_user_name`, `update_user_id`, `update_user_name`, `created_at`, `updated_at`, `status`) VALUES (6051331959099392, '{\"daily\": [\"sea_indicator\", \"wind_speed_100m\", \"wind_speed_10m\", \"wind_direction_10m\", \"wave_height\", \"wave_direction\", \"tide_height\", \"visibility\", \"precipitation\", \"temperature\", \"relative_humidity\", \"air_pressure\", \"radiation\", \"total_cloud\", \"wave_period\"], \"hourly\": [\"sea_indicator\", \"wind_speed_100m\", \"wind_speed_10m\", \"wind_direction_10m\", \"wave_height\", \"wave_direction\", \"tide_height\", \"visibility\", \"precipitation\", \"temperature\", \"relative_humidity\", \"air_pressure\", \"radiation\", \"total_cloud\", \"wave_period\"], \"dataSource\": \"daily_forecast\", \"displayElements\": [\"sea_indicator\", \"wave_direction\", \"relative_humidity\", \"wind_speed_100m\", \"tide_height\", \"air_pressure\"]}', 'SYSTEM_ADMIN', '超级管理员', 'SYSTEM_ADMIN', '超级管理员', '2025-11-18 17:12:24', '2025-11-18 09:34:52', 'delete');
INSERT INTO `weather_config` (`id`, `config`, `created_user_id`, `created_user_name`, `update_user_id`, `update_user_name`, `created_at`, `updated_at`, `status`) VALUES (6051508623577088, '{\"dataSource\": \"daily_forecast\", \"displayElements\": [\"sea_indicator\", \"wave_direction\", \"relative_humidity\", \"wind_speed_100m\", \"tide_height\", \"air_pressure\"]}', 'SYSTEM_ADMIN', '超级管理员', 'SYSTEM_ADMIN', '超级管理员', '2025-11-18 17:34:52', '2025-11-18 09:35:48', 'delete');
INSERT INTO `weather_config` (`id`, `config`, `created_user_id`, `created_user_name`, `update_user_id`, `update_user_name`, `created_at`, `updated_at`, `status`) VALUES (6051515956924416, '{\"daily\": [\"sea_indicator\", \"wind_speed_100m\", \"wind_speed_10m\", \"wind_direction_10m\", \"wave_height\", \"wave_direction\", \"tide_height\", \"visibility\", \"precipitation\", \"temperature\", \"relative_humidity\", \"air_pressure\", \"radiation\", \"total_cloud\", \"wave_period\"], \"hourly\": [\"sea_indicator\", \"wind_speed_100m\", \"wind_speed_10m\", \"wind_direction_10m\", \"wave_height\", \"wave_direction\", \"tide_height\", \"visibility\", \"precipitation\", \"temperature\", \"relative_humidity\", \"air_pressure\", \"radiation\", \"total_cloud\", \"wave_period\"], \"dataSource\": \"daily_forecast\", \"displayElements\": [\"sea_indicator\", \"wave_direction\", \"relative_humidity\", \"wind_speed_100m\", \"tide_height\", \"air_pressure\"]}', 'SYSTEM_ADMIN', '超级管理员', 'SYSTEM_ADMIN', '超级管理员', '2025-11-18 17:35:48', '2025-11-18 09:36:43', 'delete');
INSERT INTO `weather_config` (`id`, `config`, `created_user_id`, `created_user_name`, `update_user_id`, `update_user_name`, `created_at`, `updated_at`, `status`) VALUES (6051523204157440, '{\"daily\": [\"sea_indicator\", \"wind_speed_100m\", \"wind_speed_10m\", \"wind_direction_10m\", \"wave_height\", \"wave_direction\", \"tide_height\", \"visibility\", \"precipitation\", \"temperature\", \"relative_humidity\", \"air_pressure\", \"radiation\", \"total_cloud\", \"wave_period\"], \"hourly\": [\"sea_indicator\", \"wind_speed_100m\", \"wind_speed_10m\", \"wind_direction_10m\", \"wave_height\", \"wave_direction\", \"tide_height\", \"visibility\", \"precipitation\", \"temperature\", \"relative_humidity\", \"air_pressure\", \"radiation\", \"total_cloud\", \"wave_period\"], \"dataSource\": \"daily_forecast\", \"displayElements\": [\"sea_indicator\", \"wave_direction\", \"relative_humidity\", \"wind_speed_100m\", \"tide_height\", \"air_pressure\"]}', 'SYSTEM_ADMIN', '超级管理员', 'SYSTEM_ADMIN', '超级管理员', '2025-11-18 17:36:43', '2025-11-18 09:37:10', 'delete');
INSERT INTO `weather_config` (`id`, `config`, `created_user_id`, `created_user_name`, `update_user_id`, `update_user_name`, `created_at`, `updated_at`, `status`) VALUES (6051526705090560, '{\"hourly\": [\"sea_indicator\", \"wind_speed_100m\", \"wind_speed_10m\", \"wind_direction_10m\", \"wave_height\", \"wave_direction\", \"tide_height\", \"visibility\", \"precipitation\", \"temperature\", \"relative_humidity\", \"air_pressure\", \"radiation\", \"total_cloud\", \"wave_period\"], \"dataSource\": \"daily_forecast\", \"displayElements\": [\"sea_indicator\", \"wave_direction\", \"relative_humidity\", \"wind_speed_100m\", \"tide_height\", \"air_pressure\"]}', 'SYSTEM_ADMIN', '超级管理员', 'SYSTEM_ADMIN', '超级管理员', '2025-11-18 17:37:10', '2025-11-18 09:37:22', 'delete');
INSERT INTO `weather_config` (`id`, `config`, `created_user_id`, `created_user_name`, `update_user_id`, `update_user_name`, `created_at`, `updated_at`, `status`) VALUES (6051528378355712, '{\"daily\": [\"sea_indicator\", \"wind_speed_100m\", \"wind_speed_10m\", \"wind_direction_10m\", \"wave_height\", \"wave_direction\", \"tide_height\", \"visibility\", \"precipitation\", \"temperature\", \"relative_humidity\", \"air_pressure\", \"radiation\", \"total_cloud\", \"wave_period\"], \"hourly\": [\"sea_indicator\", \"wind_speed_100m\", \"wind_speed_10m\", \"wind_direction_10m\", \"wave_height\", \"wave_direction\", \"tide_height\", \"visibility\", \"precipitation\", \"temperature\", \"relative_humidity\", \"air_pressure\", \"radiation\", \"total_cloud\", \"wave_period\"], \"dataSource\": \"daily_forecast\", \"displayElements\": [\"sea_indicator\", \"wave_direction\", \"relative_humidity\", \"wind_speed_100m\", \"tide_height\", \"air_pressure\"]}', 'SYSTEM_ADMIN', '超级管理员', 'SYSTEM_ADMIN', '超级管理员', '2025-11-18 17:37:23', '2025-11-20 07:34:14', 'delete');
INSERT INTO `weather_config` (`id`, `config`, `created_user_id`, `created_user_name`, `update_user_id`, `update_user_name`, `created_at`, `updated_at`, `status`) VALUES (6073209183342592, '{\"dataSource\": \"daily_forecast\", \"displayElements\": [\"sea_indicator\", \"wave_direction\", \"relative_humidity\", \"wind_speed_100m\", \"tide_height\", \"air_pressure\"]}', 'SYSTEM_ADMIN', '超级管理员', 'SYSTEM_ADMIN', '超级管理员', '2025-11-20 15:34:14', '2025-11-20 07:34:17', 'delete');
INSERT INTO `weather_config` (`id`, `config`, `created_user_id`, `created_user_name`, `update_user_id`, `update_user_name`, `created_at`, `updated_at`, `status`) VALUES (6073209593466880, '{\"dataSource\": \"none\", \"displayElements\": [\"sea_indicator\", \"wave_direction\", \"relative_humidity\", \"wind_speed_100m\", \"tide_height\", \"air_pressure\"]}', 'SYSTEM_ADMIN', '超级管理员', 'SYSTEM_ADMIN', '超级管理员', '2025-11-20 15:34:17', '2025-11-20 07:34:18', 'delete');
INSERT INTO `weather_config` (`id`, `config`, `created_user_id`, `created_user_name`, `update_user_id`, `update_user_name`, `created_at`, `updated_at`, `status`) VALUES (6073209799512064, '{\"dataSource\": \"none\", \"displayElements\": [\"sea_indicator\", \"wave_direction\", \"relative_humidity\", \"wind_speed_100m\", \"tide_height\", \"air_pressure\"]}', 'SYSTEM_ADMIN', '超级管理员', 'SYSTEM_ADMIN', '超级管理员', '2025-11-20 15:34:19', '2025-11-20 07:38:27', 'delete');
INSERT INTO `weather_config` (`id`, `config`, `created_user_id`, `created_user_name`, `update_user_id`, `update_user_name`, `created_at`, `updated_at`, `status`) VALUES (6073242339184640, '{\"dataSource\": \"hourly_forecast\", \"displayElements\": [\"sea_indicator\", \"wave_direction\", \"relative_humidity\", \"wind_speed_100m\", \"tide_height\", \"air_pressure\"]}', 'SYSTEM_ADMIN', '超级管理员', 'SYSTEM_ADMIN', '超级管理员', '2025-11-20 15:38:27', '2025-11-20 07:38:56', 'delete');
INSERT INTO `weather_config` (`id`, `config`, `created_user_id`, `created_user_name`, `update_user_id`, `update_user_name`, `created_at`, `updated_at`, `status`) VALUES (6073246140665856, '{\"daily\": [\"sea_indicator\", \"tide_height\", \"visibility\", \"air_pressure\"], \"hourly\": [\"sea_indicator\", \"wind_speed_10m\", \"wave_direction\", \"tide_height\"], \"dataSource\": \"daily_forecast\", \"displayElements\": [\"sea_indicator\", \"wave_direction\", \"relative_humidity\", \"wind_speed_100m\", \"tide_height\", \"air_pressure\"]}', 'SYSTEM_ADMIN', '超级管理员', 'SYSTEM_ADMIN', '超级管理员', '2025-11-20 15:38:56', '2025-11-20 07:39:03', 'delete');
INSERT INTO `weather_config` (`id`, `config`, `created_user_id`, `created_user_name`, `update_user_id`, `update_user_name`, `created_at`, `updated_at`, `status`) VALUES (6073247102472192, '{\"hourly\": [\"wind_speed_100m\", \"tide_height\"], \"dataSource\": \"hourly_forecast\", \"displayElements\": [\"sea_indicator\", \"wave_direction\", \"relative_humidity\", \"wind_speed_100m\", \"tide_height\", \"air_pressure\"]}', 'SYSTEM_ADMIN', '超级管理员', 'SYSTEM_ADMIN', '超级管理员', '2025-11-20 15:39:04', '2025-11-20 07:39:14', 'delete');
INSERT INTO `weather_config` (`id`, `config`, `created_user_id`, `created_user_name`, `update_user_id`, `update_user_name`, `created_at`, `updated_at`, `status`) VALUES (6073248572444672, '{\"dataSource\": \"hourly_forecast\", \"displayElements\": [\"sea_indicator\", \"wave_direction\", \"relative_humidity\", \"wind_speed_100m\", \"tide_height\", \"air_pressure\"]}', 'SYSTEM_ADMIN', '超级管理员', 'SYSTEM_ADMIN', '超级管理员', '2025-11-20 15:39:15', '2025-11-20 07:44:59', 'delete');
INSERT INTO `weather_config` (`id`, `config`, `created_user_id`, `created_user_name`, `update_user_id`, `update_user_name`, `created_at`, `updated_at`, `status`) VALUES (6073293712068608, '{\"dataSource\": \"hourly_forecast\", \"displayElements\": [\"sea_indicator\", \"wave_direction\", \"relative_humidity\", \"wind_speed_100m\", \"tide_height\", \"radiation\"]}', 'SYSTEM_ADMIN', '超级管理员', 'SYSTEM_ADMIN', '超级管理员', '2025-11-20 15:44:59', '2025-11-20 07:46:30', 'delete');
INSERT INTO `weather_config` (`id`, `config`, `created_user_id`, `created_user_name`, `update_user_id`, `update_user_name`, `created_at`, `updated_at`, `status`) VALUES (6073305659412480, '{\"dataSource\": \"none\", \"displayElements\": [\"sea_indicator\", \"wave_direction\", \"relative_humidity\", \"wind_speed_100m\", \"tide_height\", \"radiation\"]}', 'SYSTEM_ADMIN', '超级管理员', 'SYSTEM_ADMIN', '超级管理员', '2025-11-20 15:46:30', '2025-11-20 07:47:09', 'delete');
INSERT INTO `weather_config` (`id`, `config`, `created_user_id`, `created_user_name`, `update_user_id`, `update_user_name`, `created_at`, `updated_at`, `status`) VALUES (6073310805299200, '{\"dataSource\": \"hourly_forecast\", \"displayElements\": [\"sea_indicator\", \"wave_direction\", \"relative_humidity\", \"wind_speed_100m\", \"tide_height\", \"radiation\"]}', 'SYSTEM_ADMIN', '超级管理员', 'SYSTEM_ADMIN', '超级管理员', '2025-11-20 15:47:10', '2025-11-20 07:48:13', 'delete');
INSERT INTO `weather_config` (`id`, `config`, `created_user_id`, `created_user_name`, `update_user_id`, `update_user_name`, `created_at`, `updated_at`, `status`) VALUES (6073319155503104, '{\"hourly\": [\"sea_indicator\", \"wind_speed_100m\", \"tide_height\"], \"dataSource\": \"hourly_forecast\", \"displayElements\": [\"sea_indicator\", \"wave_direction\", \"relative_humidity\", \"wind_speed_100m\", \"tide_height\", \"radiation\"]}', 'SYSTEM_ADMIN', '超级管理员', 'SYSTEM_ADMIN', '超级管理员', '2025-11-20 15:48:13', '2025-11-20 07:48:25', 'delete');
INSERT INTO `weather_config` (`id`, `config`, `created_user_id`, `created_user_name`, `update_user_id`, `update_user_name`, `created_at`, `updated_at`, `status`) VALUES (6073320716701696, '{\"daily\": [\"wind_speed_100m\", \"tide_height\"], \"hourly\": [\"sea_indicator\", \"wind_speed_100m\", \"tide_height\"], \"dataSource\": \"hourly_forecast\", \"displayElements\": [\"sea_indicator\", \"wave_direction\", \"relative_humidity\", \"wind_speed_100m\", \"tide_height\", \"radiation\"]}', 'SYSTEM_ADMIN', '超级管理员', 'SYSTEM_ADMIN', '超级管理员', '2025-11-20 15:48:25', '2025-11-20 07:48:31', 'delete');
INSERT INTO `weather_config` (`id`, `config`, `created_user_id`, `created_user_name`, `update_user_id`, `update_user_name`, `created_at`, `updated_at`, `status`) VALUES (6073321591738368, '{\"dataSource\": \"hourly_forecast\", \"displayElements\": [\"sea_indicator\", \"wave_direction\", \"relative_humidity\", \"wind_speed_100m\", \"tide_height\", \"radiation\"]}', 'SYSTEM_ADMIN', '超级管理员', 'SYSTEM_ADMIN', '超级管理员', '2025-11-20 15:48:32', '2025-11-20 07:48:39', 'delete');
INSERT INTO `weather_config` (`id`, `config`, `created_user_id`, `created_user_name`, `update_user_id`, `update_user_name`, `created_at`, `updated_at`, `status`) VALUES (6073322539126784, '{\"hourly\": [\"sea_indicator\", \"wind_speed_100m\", \"wind_speed_10m\", \"tide_height\", \"visibility\", \"air_pressure\", \"radiation\"], \"dataSource\": \"hourly_forecast\", \"displayElements\": [\"sea_indicator\", \"wave_direction\", \"relative_humidity\", \"wind_speed_100m\", \"tide_height\", \"radiation\"]}', 'SYSTEM_ADMIN', '超级管理员', 'SYSTEM_ADMIN', '超级管理员', '2025-11-20 15:48:39', '2025-11-20 07:49:00', 'delete');
INSERT INTO `weather_config` (`id`, `config`, `created_user_id`, `created_user_name`, `update_user_id`, `update_user_name`, `created_at`, `updated_at`, `status`) VALUES (6073325371854848, '{\"daily\": [\"wind_speed_10m\", \"visibility\", \"radiation\"], \"hourly\": [\"sea_indicator\", \"wind_speed_100m\", \"wind_speed_10m\", \"tide_height\", \"visibility\", \"air_pressure\", \"radiation\"], \"dataSource\": \"hourly_forecast\", \"displayElements\": [\"sea_indicator\", \"wave_direction\", \"relative_humidity\", \"wind_speed_100m\", \"tide_height\", \"radiation\"]}', 'SYSTEM_ADMIN', '超级管理员', 'SYSTEM_ADMIN', '超级管理员', '2025-11-20 15:49:01', '2025-11-20 07:49:10', 'delete');
INSERT INTO `weather_config` (`id`, `config`, `created_user_id`, `created_user_name`, `update_user_id`, `update_user_name`, `created_at`, `updated_at`, `status`) VALUES (6073326642073600, '{\"dataSource\": \"hourly_forecast\", \"displayElements\": [\"sea_indicator\", \"wave_direction\", \"relative_humidity\", \"wind_speed_100m\", \"tide_height\", \"radiation\"]}', 'SYSTEM_ADMIN', '超级管理员', 'SYSTEM_ADMIN', '超级管理员', '2025-11-20 15:49:10', '2025-11-20 08:01:23', 'delete');
INSERT INTO `weather_config` (`id`, `config`, `created_user_id`, `created_user_name`, `update_user_id`, `update_user_name`, `created_at`, `updated_at`, `status`) VALUES (6073422714703872, '{\"daily\": [\"wind_speed_100m\", \"wind_speed_10m\", \"wave_height\", \"tide_height\", \"precipitation\"], \"hourly\": [\"wind_speed_100m\", \"wind_speed_10m\", \"tide_height\"], \"dataSource\": \"hourly_forecast\", \"displayElements\": [\"sea_indicator\", \"wave_direction\", \"relative_humidity\", \"wind_speed_100m\", \"tide_height\", \"radiation\"]}', 'SYSTEM_ADMIN', '超级管理员', 'SYSTEM_ADMIN', '超级管理员', '2025-11-20 16:01:23', '2025-11-20 08:03:21', 'delete');
INSERT INTO `weather_config` (`id`, `config`, `created_user_id`, `created_user_name`, `update_user_id`, `update_user_name`, `created_at`, `updated_at`, `status`) VALUES (6073438193520640, '{\"dataSource\": \"hourly_forecast\", \"displayElements\": [\"sea_indicator\", \"wave_direction\", \"relative_humidity\", \"wind_speed_100m\", \"tide_height\", \"radiation\"]}', 'SYSTEM_ADMIN', '超级管理员', 'SYSTEM_ADMIN', '超级管理员', '2025-11-20 16:03:21', '2025-11-20 08:09:21', 'delete');
INSERT INTO `weather_config` (`id`, `config`, `created_user_id`, `created_user_name`, `update_user_id`, `update_user_name`, `created_at`, `updated_at`, `status`) VALUES (6073485361221632, '{\"hourly\": [\"wind_speed_100m\", \"tide_height\"], \"dataSource\": \"hourly_forecast\", \"displayElements\": [\"sea_indicator\", \"wave_direction\", \"relative_humidity\", \"wind_speed_100m\", \"tide_height\", \"radiation\"]}', 'SYSTEM_ADMIN', '超级管理员', 'SYSTEM_ADMIN', '超级管理员', '2025-11-20 16:09:21', '2025-11-20 08:10:27', 'delete');
INSERT INTO `weather_config` (`id`, `config`, `created_user_id`, `created_user_name`, `update_user_id`, `update_user_name`, `created_at`, `updated_at`, `status`) VALUES (6073494049198080, '{\"hourly\": [\"wind_speed_100m\", \"tide_height\"], \"dataSource\": \"hourly_forecast\", \"displayElements\": [\"sea_indicator\", \"wave_direction\", \"relative_humidity\", \"wind_speed_100m\", \"tide_height\", \"radiation\"]}', 'SYSTEM_ADMIN', '超级管理员', 'SYSTEM_ADMIN', '超级管理员', '2025-11-20 16:10:28', '2025-11-20 08:50:49', 'delete');
INSERT INTO `weather_config` (`id`, `config`, `created_user_id`, `created_user_name`, `update_user_id`, `update_user_name`, `created_at`, `updated_at`, `status`) VALUES (6073811472683008, '{\"dataSource\": \"minute_actual\", \"displayElements\": [\"sea_indicator\", \"wave_direction\", \"relative_humidity\", \"wind_speed_100m\", \"tide_height\", \"radiation\"]}', 'SYSTEM_ADMIN', '超级管理员', 'SYSTEM_ADMIN', '超级管理员', '2025-11-20 16:50:49', '2025-11-20 08:50:51', 'delete');
INSERT INTO `weather_config` (`id`, `config`, `created_user_id`, `created_user_name`, `update_user_id`, `update_user_name`, `created_at`, `updated_at`, `status`) VALUES (6073811823693824, '{\"dataSource\": \"minute_actual\", \"displayElements\": [\"sea_indicator\", \"wave_direction\", \"relative_humidity\", \"wind_speed_100m\", \"tide_height\", \"radiation\"]}', 'SYSTEM_ADMIN', '超级管理员', 'SYSTEM_ADMIN', '超级管理员', '2025-11-20 16:50:52', '2025-11-20 08:55:55', 'delete');
INSERT INTO `weather_config` (`id`, `config`, `created_user_id`, `created_user_name`, `update_user_id`, `update_user_name`, `created_at`, `updated_at`, `status`) VALUES (6073851589496832, '{\"dataSource\": \"minute_actual\", \"displayElements\": [\"sea_indicator\", \"wave_direction\", \"relative_humidity\", \"wind_speed_100m\", \"tide_height\", \"radiation\"]}', 'SYSTEM_ADMIN', '超级管理员', 'SYSTEM_ADMIN', '超级管理员', '2025-11-20 16:55:55', '2025-11-20 11:05:34', 'delete');
INSERT INTO `weather_config` (`id`, `config`, `created_user_id`, `created_user_name`, `update_user_id`, `update_user_name`, `created_at`, `updated_at`, `status`) VALUES (6074871249309696, '{\"dataSource\": \"minute_actual\", \"displayElements\": [\"sea_indicator\", \"wave_direction\", \"relative_humidity\", \"wind_speed_100m\", \"tide_height\", \"radiation\"]}', 'SYSTEM_ADMIN', '超级管理员', 'SYSTEM_ADMIN', '超级管理员', '2025-11-20 19:05:35', '2025-11-20 11:05:51', 'delete');
INSERT INTO `weather_config` (`id`, `config`, `created_user_id`, `created_user_name`, `update_user_id`, `update_user_name`, `created_at`, `updated_at`, `status`) VALUES (6074873474256896, '{\"hourly\": [\"sea_indicator\", \"wind_speed_10m\", \"tide_height\", \"visibility\", \"precipitation\", \"air_pressure\", \"radiation\"], \"dataSource\": \"minute_actual\", \"displayElements\": [\"sea_indicator\", \"wave_direction\", \"relative_humidity\", \"wind_speed_100m\", \"tide_height\", \"radiation\"]}', 'SYSTEM_ADMIN', '超级管理员', 'SYSTEM_ADMIN', '超级管理员', '2025-11-20 19:05:52', '2025-11-20 11:06:02', 'delete');
INSERT INTO `weather_config` (`id`, `config`, `created_user_id`, `created_user_name`, `update_user_id`, `update_user_name`, `created_at`, `updated_at`, `status`) VALUES (6074874948816896, '{\"daily\": [\"wind_speed_100m\", \"wave_direction\", \"tide_height\", \"precipitation\", \"air_pressure\", \"radiation\"], \"hourly\": [\"sea_indicator\", \"wind_speed_10m\", \"tide_height\", \"visibility\", \"precipitation\", \"air_pressure\", \"radiation\"], \"dataSource\": \"minute_actual\", \"displayElements\": [\"sea_indicator\", \"wave_direction\", \"relative_humidity\", \"wind_speed_100m\", \"tide_height\", \"radiation\"]}', 'SYSTEM_ADMIN', '超级管理员', 'SYSTEM_ADMIN', '超级管理员', '2025-11-20 19:06:03', '2025-11-21 07:56:11', 'delete');
INSERT INTO `weather_config` (`id`, `config`, `created_user_id`, `created_user_name`, `update_user_id`, `update_user_name`, `created_at`, `updated_at`, `status`) VALUES (6084706411024384, '{\"daily\": [\"wind_speed_100m\", \"wave_direction\", \"tide_height\", \"precipitation\", \"air_pressure\", \"radiation\"], \"hourly\": [\"sea_indicator\", \"wind_speed_100m\", \"wind_speed_10m\", \"wind_direction_10m\", \"wave_height\", \"wave_direction\", \"tide_height\", \"visibility\", \"precipitation\", \"temperature\", \"relative_humidity\", \"air_pressure\", \"radiation\", \"total_cloud\", \"wave_period\"], \"dataSource\": \"daily_forecast\", \"displayElements\": [\"sea_indicator\", \"relative_humidity\", \"wind_speed_100m\", \"tide_height\", \"radiation\"]}', 'SYSTEM_ADMIN', '超级管理员', 'SYSTEM_ADMIN', '超级管理员', '2025-11-21 15:56:11', '2025-11-21 07:56:27', 'delete');
INSERT INTO `weather_config` (`id`, `config`, `created_user_id`, `created_user_name`, `update_user_id`, `update_user_name`, `created_at`, `updated_at`, `status`) VALUES (6084708561653760, '{\"daily\": [\"wind_speed_100m\", \"wave_height\", \"wave_direction\", \"tide_height\", \"precipitation\", \"air_pressure\", \"radiation\"], \"hourly\": [\"sea_indicator\", \"wind_speed_100m\", \"wind_speed_10m\", \"wind_direction_10m\", \"wave_height\", \"wave_direction\", \"tide_height\", \"visibility\", \"precipitation\", \"temperature\", \"relative_humidity\", \"air_pressure\", \"radiation\", \"total_cloud\", \"wave_period\"], \"dataSource\": \"daily_forecast\", \"displayElements\": [\"sea_indicator\", \"relative_humidity\", \"wind_speed_100m\", \"tide_height\", \"radiation\"]}', 'SYSTEM_ADMIN', '超级管理员', 'SYSTEM_ADMIN', '超级管理员', '2025-11-21 15:56:28', '2025-11-21 07:56:55', 'delete');
INSERT INTO `weather_config` (`id`, `config`, `created_user_id`, `created_user_name`, `update_user_id`, `update_user_name`, `created_at`, `updated_at`, `status`) VALUES (6084712230359040, '{\"daily\": [\"sea_indicator\", \"wind_speed_100m\", \"wind_speed_10m\", \"wind_direction_10m\", \"wave_height\", \"wave_direction\", \"tide_height\", \"visibility\", \"precipitation\", \"temperature\", \"relative_humidity\", \"air_pressure\", \"radiation\", \"total_cloud\", \"wave_period\"], \"hourly\": [\"sea_indicator\", \"wind_speed_100m\", \"wind_speed_10m\", \"wind_direction_10m\", \"wave_height\", \"wave_direction\", \"tide_height\", \"visibility\", \"precipitation\", \"temperature\", \"relative_humidity\", \"air_pressure\", \"radiation\", \"total_cloud\", \"wave_period\"], \"dataSource\": \"daily_forecast\", \"displayElements\": [\"sea_indicator\", \"relative_humidity\", \"wind_speed_100m\", \"tide_height\", \"radiation\"]}', 'SYSTEM_ADMIN', '超级管理员', 'SYSTEM_ADMIN', '超级管理员', '2025-11-21 15:56:56', '2025-11-21 11:08:01', 'delete');
INSERT INTO `weather_config` (`id`, `config`, `created_user_id`, `created_user_name`, `update_user_id`, `update_user_name`, `created_at`, `updated_at`, `status`) VALUES (6086215136776192, '{\"daily\": [\"sea_indicator\", \"wind_speed_100m\", \"wind_speed_10m\", \"wind_direction_10m\", \"wave_height\", \"wave_direction\", \"tide_height\", \"visibility\", \"precipitation\", \"temperature\", \"relative_humidity\", \"air_pressure\", \"radiation\", \"total_cloud\", \"wave_period\"], \"hourly\": [\"sea_indicator\", \"wind_speed_100m\", \"wind_speed_10m\", \"wind_direction_10m\", \"wave_height\", \"wave_direction\", \"tide_height\", \"visibility\", \"precipitation\", \"temperature\", \"relative_humidity\", \"air_pressure\", \"radiation\", \"total_cloud\", \"wave_period\"], \"dataSource\": \"daily_forecast\", \"displayElements\": [\"sea_indicator\", \"relative_humidity\", \"wind_speed_100m\", \"tide_height\", \"radiation\", \"air_pressure\"]}', 'SYSTEM_ADMIN', '超级管理员', 'SYSTEM_ADMIN', '超级管理员', '2025-11-21 19:08:02', '2025-11-21 11:18:30', 'delete');
INSERT INTO `weather_config` (`id`, `config`, `created_user_id`, `created_user_name`, `update_user_id`, `update_user_name`, `created_at`, `updated_at`, `status`) VALUES (6086297610817536, '{\"daily\": [\"sea_indicator\", \"wind_speed_100m\", \"wind_speed_10m\", \"wind_direction_10m\", \"wave_height\", \"wave_direction\", \"tide_height\", \"visibility\", \"precipitation\", \"temperature\", \"relative_humidity\", \"air_pressure\", \"radiation\", \"total_cloud\", \"wave_period\"], \"hourly\": [\"sea_indicator\", \"wind_speed_100m\", \"wind_speed_10m\", \"wind_direction_10m\", \"wave_height\", \"wave_direction\", \"tide_height\", \"visibility\", \"precipitation\", \"temperature\", \"relative_humidity\", \"air_pressure\", \"radiation\", \"total_cloud\", \"wave_period\"], \"dataSource\": \"daily_forecast\", \"displayElements\": [\"sea_indicator\", \"relative_humidity\", \"wind_speed_100m\", \"tide_height\", \"radiation\", \"air_pressure\"]}', 'SYSTEM_ADMIN', '超级管理员', 'SYSTEM_ADMIN', '超级管理员', '2025-11-21 19:18:31', '2025-11-21 12:00:16', 'delete');
INSERT INTO `weather_config` (`id`, `config`, `created_user_id`, `created_user_name`, `update_user_id`, `update_user_name`, `created_at`, `updated_at`, `status`) VALUES (6086626010402816, '{\"daily\": [\"sea_indicator\", \"wind_speed_100m\", \"wind_speed_10m\", \"wind_direction_10m\", \"wave_height\", \"wave_direction\", \"tide_height\", \"visibility\", \"precipitation\", \"temperature\", \"relative_humidity\", \"air_pressure\", \"radiation\", \"total_cloud\", \"wave_period\"], \"hourly\": [\"sea_indicator\", \"wind_speed_100m\", \"wind_speed_10m\", \"wind_direction_10m\", \"wave_height\", \"wave_direction\", \"tide_height\", \"visibility\", \"precipitation\", \"temperature\", \"relative_humidity\", \"air_pressure\", \"radiation\", \"total_cloud\", \"wave_period\"], \"dataSource\": \"daily_forecast\", \"displayElements\": [\"sea_indicator\", \"relative_humidity\", \"wind_speed_100m\", \"tide_height\", \"radiation\", \"air_pressure\"]}', 'SYSTEM_ADMIN', '超级管理员', 'SYSTEM_ADMIN', '超级管理员', '2025-11-21 20:00:17', '2025-11-21 12:00:19', 'delete');
INSERT INTO `weather_config` (`id`, `config`, `created_user_id`, `created_user_name`, `update_user_id`, `update_user_name`, `created_at`, `updated_at`, `status`) VALUES (6086626372161536, '{\"daily\": [\"sea_indicator\", \"wind_speed_100m\", \"wind_speed_10m\", \"wind_direction_10m\", \"wave_height\", \"wave_direction\", \"tide_height\", \"visibility\", \"precipitation\", \"temperature\", \"relative_humidity\", \"air_pressure\", \"radiation\", \"total_cloud\", \"wave_period\"], \"hourly\": [\"sea_indicator\", \"wind_speed_100m\", \"wind_speed_10m\", \"wind_direction_10m\", \"wave_height\", \"wave_direction\", \"tide_height\", \"visibility\", \"precipitation\", \"temperature\", \"relative_humidity\", \"air_pressure\", \"radiation\", \"total_cloud\", \"wave_period\"], \"dataSource\": \"daily_forecast\", \"displayElements\": [\"sea_indicator\", \"relative_humidity\", \"wind_speed_100m\", \"tide_height\", \"radiation\", \"air_pressure\"]}', 'SYSTEM_ADMIN', '超级管理员', 'SYSTEM_ADMIN', '超级管理员', '2025-11-21 20:00:19', '2025-11-21 12:00:21', 'delete');
INSERT INTO `weather_config` (`id`, `config`, `created_user_id`, `created_user_name`, `update_user_id`, `update_user_name`, `created_at`, `updated_at`, `status`) VALUES (6086626662486016, '{\"daily\": [\"sea_indicator\", \"wind_speed_100m\", \"wind_speed_10m\", \"wind_direction_10m\", \"wave_height\", \"wave_direction\", \"tide_height\", \"visibility\", \"precipitation\", \"temperature\", \"relative_humidity\", \"air_pressure\", \"radiation\", \"total_cloud\", \"wave_period\"], \"hourly\": [\"sea_indicator\", \"wind_speed_100m\", \"wind_speed_10m\", \"wind_direction_10m\", \"wave_height\", \"wave_direction\", \"tide_height\", \"visibility\", \"precipitation\", \"temperature\", \"relative_humidity\", \"air_pressure\", \"radiation\", \"total_cloud\", \"wave_period\"], \"dataSource\": \"daily_forecast\", \"displayElements\": [\"sea_indicator\", \"relative_humidity\", \"wind_speed_100m\", \"tide_height\", \"radiation\", \"air_pressure\"]}', 'SYSTEM_ADMIN', '超级管理员', 'SYSTEM_ADMIN', '超级管理员', '2025-11-21 20:00:21', '2025-11-22 02:05:26', 'delete');
INSERT INTO `weather_config` (`id`, `config`, `created_user_id`, `created_user_name`, `update_user_id`, `update_user_name`, `created_at`, `updated_at`, `status`) VALUES (6093272734699520, '{\"daily\": [\"sea_indicator\", \"wind_speed_100m\", \"wind_speed_10m\", \"wind_direction_10m\", \"wave_height\", \"wave_direction\", \"tide_height\", \"visibility\", \"precipitation\", \"temperature\", \"relative_humidity\", \"air_pressure\", \"radiation\", \"total_cloud\", \"wave_period\"], \"hourly\": [\"sea_indicator\", \"wind_speed_100m\", \"wind_speed_10m\", \"wind_direction_10m\", \"wave_height\", \"wave_direction\", \"tide_height\", \"visibility\", \"precipitation\", \"temperature\", \"relative_humidity\", \"air_pressure\", \"radiation\", \"total_cloud\", \"wave_period\"], \"dataSource\": \"hourly_forecast\", \"displayElements\": [\"sea_indicator\", \"relative_humidity\", \"wind_speed_100m\", \"tide_height\", \"radiation\", \"air_pressure\"]}', 'SYSTEM_ADMIN', '超级管理员', 'SYSTEM_ADMIN', '超级管理员', '2025-11-22 10:05:27', '2025-11-22 02:06:04', 'delete');
INSERT INTO `weather_config` (`id`, `config`, `created_user_id`, `created_user_name`, `update_user_id`, `update_user_name`, `created_at`, `updated_at`, `status`) VALUES (6093277661958144, '{\"daily\": [\"sea_indicator\", \"wind_speed_100m\", \"wind_speed_10m\", \"wind_direction_10m\", \"wave_height\", \"wave_direction\", \"tide_height\", \"visibility\", \"precipitation\", \"temperature\", \"relative_humidity\", \"air_pressure\", \"radiation\", \"total_cloud\", \"wave_period\"], \"hourly\": [\"sea_indicator\", \"wind_speed_100m\", \"wind_speed_10m\", \"wind_direction_10m\", \"wave_height\", \"wave_direction\", \"tide_height\", \"visibility\", \"precipitation\", \"temperature\", \"relative_humidity\", \"radiation\", \"total_cloud\", \"wave_period\"], \"dataSource\": \"hourly_forecast\", \"displayElements\": [\"sea_indicator\", \"relative_humidity\", \"wind_speed_100m\", \"tide_height\", \"radiation\", \"air_pressure\"]}', 'SYSTEM_ADMIN', '超级管理员', 'SYSTEM_ADMIN', '超级管理员', '2025-11-22 10:06:05', '2025-11-22 02:21:18', 'delete');
INSERT INTO `weather_config` (`id`, `config`, `created_user_id`, `created_user_name`, `update_user_id`, `update_user_name`, `created_at`, `updated_at`, `status`) VALUES (6093397411565568, '{\"daily\": [\"sea_indicator\", \"wind_speed_100m\", \"wind_speed_10m\", \"wind_direction_10m\", \"wave_height\", \"wave_direction\", \"tide_height\", \"visibility\", \"precipitation\", \"temperature\", \"relative_humidity\", \"air_pressure\", \"radiation\", \"total_cloud\", \"wave_period\"], \"hourly\": [\"sea_indicator\", \"wind_speed_100m\", \"wind_speed_10m\", \"wind_direction_10m\", \"wave_height\", \"wave_direction\", \"tide_height\", \"visibility\", \"precipitation\", \"temperature\", \"relative_humidity\", \"radiation\", \"total_cloud\", \"wave_period\"], \"dataSource\": \"hourly_forecast\", \"displayElements\": [\"sea_indicator\", \"relative_humidity\", \"wind_speed_100m\", \"radiation\", \"air_pressure\", \"wave_direction\"]}', 'SYSTEM_ADMIN', '超级管理员', 'SYSTEM_ADMIN', '超级管理员', '2025-11-22 10:21:18', '2025-11-25 10:13:44', 'delete');
INSERT INTO `weather_config` (`id`, `config`, `created_user_id`, `created_user_name`, `update_user_id`, `update_user_name`, `created_at`, `updated_at`, `status`) VALUES (6131086690816000, '{\"daily\": [\"sea_indicator\", \"wind_speed_100m\", \"wind_speed_10m\", \"wind_direction_10m\", \"wave_height\", \"wave_direction\", \"tide_height\", \"visibility\", \"precipitation\", \"temperature\", \"relative_humidity\", \"air_pressure\", \"radiation\", \"total_cloud\", \"wave_period\"], \"hourly\": [\"sea_indicator\", \"wind_direction_10m\", \"wave_height\", \"wave_direction\", \"precipitation\", \"temperature\", \"relative_humidity\", \"total_cloud\", \"wave_period\"], \"dataSource\": \"hourly_forecast\", \"displayElements\": [\"sea_indicator\", \"relative_humidity\", \"wind_speed_100m\", \"radiation\", \"air_pressure\", \"wave_direction\"]}', 'SYSTEM_ADMIN', '超级管理员', 'SYSTEM_ADMIN', '超级管理员', '2025-11-25 18:13:45', '2025-11-25 10:14:08', 'delete');
INSERT INTO `weather_config` (`id`, `config`, `created_user_id`, `created_user_name`, `update_user_id`, `update_user_name`, `created_at`, `updated_at`, `status`) VALUES (6131089808101376, '{\"daily\": [\"sea_indicator\", \"wind_speed_100m\", \"wind_speed_10m\", \"wind_direction_10m\", \"wave_height\", \"wave_direction\", \"tide_height\", \"visibility\", \"precipitation\", \"temperature\", \"relative_humidity\", \"air_pressure\", \"radiation\", \"total_cloud\", \"wave_period\"], \"hourly\": [\"wind_speed_100m\", \"wind_speed_10m\", \"wind_direction_10m\", \"wave_height\", \"wave_direction\", \"tide_height\", \"precipitation\", \"temperature\", \"relative_humidity\", \"radiation\", \"total_cloud\", \"wave_period\"], \"dataSource\": \"hourly_forecast\", \"displayElements\": [\"relative_humidity\", \"wind_speed_100m\", \"radiation\", \"air_pressure\", \"wave_direction\", \"tide_height\"]}', 'SYSTEM_ADMIN', '超级管理员', 'SYSTEM_ADMIN', '超级管理员', '2025-11-25 18:14:08', '2025-11-25 10:14:10', 'delete');
INSERT INTO `weather_config` (`id`, `config`, `created_user_id`, `created_user_name`, `update_user_id`, `update_user_name`, `created_at`, `updated_at`, `status`) VALUES (6131090026074112, '{\"daily\": [\"wind_speed_100m\", \"wind_speed_10m\", \"wind_direction_10m\", \"wave_height\", \"wave_direction\", \"tide_height\", \"visibility\", \"precipitation\", \"temperature\", \"relative_humidity\", \"air_pressure\", \"radiation\", \"total_cloud\", \"wave_period\"], \"hourly\": [\"wind_speed_100m\", \"wind_speed_10m\", \"wind_direction_10m\", \"wave_height\", \"wave_direction\", \"tide_height\", \"precipitation\", \"temperature\", \"relative_humidity\", \"radiation\", \"total_cloud\", \"wave_period\"], \"dataSource\": \"hourly_forecast\", \"displayElements\": [\"relative_humidity\", \"wind_speed_100m\", \"radiation\", \"air_pressure\", \"wave_direction\", \"tide_height\"]}', 'SYSTEM_ADMIN', '超级管理员', 'SYSTEM_ADMIN', '超级管理员', '2025-11-25 18:14:10', '2025-11-25 18:14:10', 'active');
COMMIT;

SET FOREIGN_KEY_CHECKS = 1;
